population,deaths,year_code,crude_rate,county,percent_of_total_deaths,indicator_display_name,county_code,year,notes,indicator_name
840,12,2020,,"Loudon County, TN",0.0,TBD,47105,2020,,hypertension_death_black_non_hispanic
52152,681,2017,1305.8,"Loudon County, TN",0.001,TBD,47105,2017,,hypertension_death_all_non_hispanic
53054,647,2018,1219.5,"Loudon County, TN",0.001,TBD,47105,2018,,hypertension_death_all_non_hispanic
54068,703,2019,1300.2,"Loudon County, TN",0.001,TBD,47105,2019,,hypertension_death_all_non_hispanic
54910,730,2020,1329.4,"Loudon County, TN",0.001,TBD,47105,2020,,hypertension_death_all_non_hispanic
46228,665,2017,1438.5,"Loudon County, TN",0.002,TBD,47105,2017,,hypertension_death_white_non_hispanic
46770,635,2018,1357.7,"Loudon County, TN",0.002,TBD,47105,2018,,hypertension_death_white_non_hispanic
47503,692,2019,1456.8,"Loudon County, TN",0.002,TBD,47105,2019,,hypertension_death_white_non_hispanic
48070,703,2020,1462.5,"Loudon County, TN",0.002,TBD,47105,2020,,hypertension_death_white_non_hispanic
2263,26,2017,1148.9,"McMinn County, TN",0.0,TBD,47107,2017,,hypertension_death_black_non_hispanic
2246,21,2018,935.0,"McMinn County, TN",0.0,TBD,47107,2018,,hypertension_death_black_non_hispanic
2315,24,2019,1036.7,"McMinn County, TN",0.0,TBD,47107,2019,,hypertension_death_black_non_hispanic
2323,34,2020,1463.6,"McMinn County, TN",0.0,TBD,47107,2020,,hypertension_death_black_non_hispanic
52877,684,2017,1293.6,"McMinn County, TN",0.001,TBD,47107,2017,,hypertension_death_all_non_hispanic
53285,704,2018,1321.2,"McMinn County, TN",0.001,TBD,47107,2018,,hypertension_death_all_non_hispanic
53794,731,2019,1358.9,"McMinn County, TN",0.001,TBD,47107,2019,,hypertension_death_all_non_hispanic
54208,857,2020,1580.9,"McMinn County, TN",0.002,TBD,47107,2020,,hypertension_death_all_non_hispanic
47848,649,2017,1356.4,"McMinn County, TN",0.002,TBD,47107,2017,,hypertension_death_white_non_hispanic
48161,676,2018,1403.6,"McMinn County, TN",0.002,TBD,47107,2018,,hypertension_death_white_non_hispanic
48428,702,2019,1449.6,"McMinn County, TN",0.002,TBD,47107,2019,,hypertension_death_white_non_hispanic
48821,811,2020,1661.2,"McMinn County, TN",0.002,TBD,47107,2020,,hypertension_death_white_non_hispanic
1689,12,2017,,"McNairy County, TN",0.0,TBD,47109,2017,,hypertension_death_black_non_hispanic
1683,15,2018,,"McNairy County, TN",0.0,TBD,47109,2018,,hypertension_death_black_non_hispanic
1680,24,2019,1428.6,"McNairy County, TN",0.0,TBD,47109,2019,,hypertension_death_black_non_hispanic
1681,28,2020,1665.7,"McNairy County, TN",0.0,TBD,47109,2020,,hypertension_death_black_non_hispanic
26004,391,2017,1503.6,"McNairy County, TN",0.001,TBD,47109,2017,,hypertension_death_all_non_hispanic
25832,400,2018,1548.5,"McNairy County, TN",0.001,TBD,47109,2018,,hypertension_death_all_non_hispanic
25694,390,2019,1517.9,"McNairy County, TN",0.001,TBD,47109,2019,,hypertension_death_all_non_hispanic
25696,472,2020,1836.9,"McNairy County, TN",0.001,TBD,47109,2020,,hypertension_death_all_non_hispanic
23633,378,2017,1599.5,"McNairy County, TN",0.001,TBD,47109,2017,,hypertension_death_white_non_hispanic
23427,383,2018,1634.9,"McNairy County, TN",0.001,TBD,47109,2018,,hypertension_death_white_non_hispanic
23263,362,2019,1556.1,"McNairy County, TN",0.001,TBD,47109,2019,,hypertension_death_white_non_hispanic
23215,438,2020,1886.7,"McNairy County, TN",0.001,TBD,47109,2020,,hypertension_death_white_non_hispanic
24079,270,2017,1121.3,"Macon County, TN",0.001,TBD,47111,2017,,hypertension_death_all_non_hispanic
24265,304,2018,1252.8,"Macon County, TN",0.001,TBD,47111,2018,,hypertension_death_all_non_hispanic
24602,251,2019,1020.2,"Macon County, TN",0.001,TBD,47111,2019,,hypertension_death_all_non_hispanic
24827,354,2020,1425.9,"Macon County, TN",0.001,TBD,47111,2020,,hypertension_death_all_non_hispanic
22102,265,2017,1199.0,"Macon County, TN",0.001,TBD,47111,2017,,hypertension_death_white_non_hispanic
22393,299,2018,1335.2,"Macon County, TN",0.001,TBD,47111,2018,,hypertension_death_white_non_hispanic
22736,248,2019,1090.8,"Macon County, TN",0.001,TBD,47111,2019,,hypertension_death_white_non_hispanic
22902,346,2020,1510.8,"Macon County, TN",0.001,TBD,47111,2020,,hypertension_death_white_non_hispanic
37466,459,2020,1225.1,"Madison County, TN",0.0069999999999999993,TBD,47113,2020,,hypertension_death_black_non_hispanic
37244,348,2017,934.4,"Madison County, TN",0.005,TBD,47113,2017,,hypertension_death_black_non_hispanic
37238,335,2018,899.6,"Madison County, TN",0.005,TBD,47113,2018,,hypertension_death_black_non_hispanic
37344,323,2019,864.9,"Madison County, TN",0.005,TBD,47113,2019,,hypertension_death_black_non_hispanic
98360,1310,2020,1331.8,"Madison County, TN",0.003,TBD,47113,2020,,hypertension_death_all_non_hispanic
97643,1144,2017,1171.6,"Madison County, TN",0.002,TBD,47113,2017,,hypertension_death_all_non_hispanic
97605,1041,2018,1066.5,"Madison County, TN",0.002,TBD,47113,2018,,hypertension_death_all_non_hispanic
97984,1026,2019,1047.1,"Madison County, TN",0.002,TBD,47113,2019,,hypertension_death_all_non_hispanic
55266,787,2017,1424.0,"Madison County, TN",0.002,TBD,47113,2017,,hypertension_death_white_non_hispanic
55106,688,2018,1248.5,"Madison County, TN",0.002,TBD,47113,2018,,hypertension_death_white_non_hispanic
55219,693,2019,1255.0,"Madison County, TN",0.002,TBD,47113,2019,,hypertension_death_white_non_hispanic
55391,828,2020,1494.8,"Madison County, TN",0.002,TBD,47113,2020,,hypertension_death_white_non_hispanic
1228,22,2017,1791.5,"Marion County, TN",0.0,TBD,47115,2017,,hypertension_death_black_non_hispanic
1270,20,2018,1574.8,"Marion County, TN",0.0,TBD,47115,2018,,hypertension_death_black_non_hispanic
1272,17,2019,,"Marion County, TN",0.0,TBD,47115,2019,,hypertension_death_black_non_hispanic
1266,14,2020,,"Marion County, TN",0.0,TBD,47115,2020,,hypertension_death_black_non_hispanic
28425,384,2017,1350.9,"Marion County, TN",0.001,TBD,47115,2017,,hypertension_death_all_non_hispanic
28575,383,2018,1340.3,"Marion County, TN",0.001,TBD,47115,2018,,hypertension_death_all_non_hispanic
28907,350,2019,1210.8,"Marion County, TN",0.001,TBD,47115,2019,,hypertension_death_all_non_hispanic
28924,424,2020,1465.9,"Marion County, TN",0.001,TBD,47115,2020,,hypertension_death_all_non_hispanic
26398,360,2017,1363.7,"Marion County, TN",0.001,TBD,47115,2017,,hypertension_death_white_non_hispanic
26494,357,2018,1347.5,"Marion County, TN",0.001,TBD,47115,2018,,hypertension_death_white_non_hispanic
26726,333,2019,1246.0,"Marion County, TN",0.001,TBD,47115,2019,,hypertension_death_white_non_hispanic
26735,409,2020,1529.8,"Marion County, TN",0.001,TBD,47115,2020,,hypertension_death_white_non_hispanic
2356,30,2017,1273.3,"Marshall County, TN",0.0,TBD,47117,2017,,hypertension_death_black_non_hispanic
2391,27,2018,1129.2,"Marshall County, TN",0.0,TBD,47117,2018,,hypertension_death_black_non_hispanic
2364,24,2019,1015.2,"Marshall County, TN",0.0,TBD,47117,2019,,hypertension_death_black_non_hispanic
2389,25,2020,1046.5,"Marshall County, TN",0.0,TBD,47117,2020,,hypertension_death_black_non_hispanic
32931,353,2017,1071.9,"Marshall County, TN",0.001,TBD,47117,2017,,hypertension_death_all_non_hispanic
33683,366,2018,1086.6,"Marshall County, TN",0.001,TBD,47117,2018,,hypertension_death_all_non_hispanic
34375,384,2019,1117.1,"Marshall County, TN",0.001,TBD,47117,2019,,hypertension_death_all_non_hispanic
35016,443,2020,1265.1,"Marshall County, TN",0.001,TBD,47117,2020,,hypertension_death_all_non_hispanic
28549,319,2017,1117.4,"Marshall County, TN",0.001,TBD,47117,2017,,hypertension_death_white_non_hispanic
29133,335,2018,1149.9,"Marshall County, TN",0.001,TBD,47117,2018,,hypertension_death_white_non_hispanic
29668,355,2019,1196.6,"Marshall County, TN",0.001,TBD,47117,2019,,hypertension_death_white_non_hispanic
30189,412,2020,1364.7,"Marshall County, TN",0.001,TBD,47117,2020,,hypertension_death_white_non_hispanic
11448,104,2017,908.5,"Maury County, TN",0.001,TBD,47119,2017,,hypertension_death_black_non_hispanic
11691,132,2018,1129.1,"Maury County, TN",0.002,TBD,47119,2018,,hypertension_death_black_non_hispanic
12113,124,2019,1023.7,"Maury County, TN",0.002,TBD,47119,2019,,hypertension_death_black_non_hispanic
12380,130,2020,1050.1,"Maury County, TN",0.002,TBD,47119,2020,,hypertension_death_black_non_hispanic
92163,960,2017,1041.6,"Maury County, TN",0.002,TBD,47119,2017,,hypertension_death_all_non_hispanic
94340,939,2018,995.3,"Maury County, TN",0.002,TBD,47119,2018,,hypertension_death_all_non_hispanic
96387,1040,2019,1079.0,"Maury County, TN",0.002,TBD,47119,2019,,hypertension_death_all_non_hispanic
99590,1081,2020,1085.5,"Maury County, TN",0.002,TBD,47119,2020,,hypertension_death_all_non_hispanic
74086,844,2017,1139.2,"Maury County, TN",0.002,TBD,47119,2017,,hypertension_death_white_non_hispanic
75499,789,2018,1045.0,"Maury County, TN",0.002,TBD,47119,2018,,hypertension_death_white_non_hispanic
76901,900,2019,1170.3,"Maury County, TN",0.002,TBD,47119,2019,,hypertension_death_white_non_hispanic
79245,923,2020,1164.7,"Maury County, TN",0.002,TBD,47119,2020,,hypertension_death_white_non_hispanic
12068,165,2017,1367.3,"Meigs County, TN",0.0,TBD,47121,2017,,hypertension_death_all_non_hispanic
12306,170,2018,1381.4,"Meigs County, TN",0.0,TBD,47121,2018,,hypertension_death_all_non_hispanic
12422,196,2019,1577.8,"Meigs County, TN",0.0,TBD,47121,2019,,hypertension_death_all_non_hispanic
12532,192,2020,1532.1,"Meigs County, TN",0.0,TBD,47121,2020,,hypertension_death_all_non_hispanic
11484,162,2017,1410.7,"Meigs County, TN",0.0,TBD,47121,2017,,hypertension_death_white_non_hispanic
11667,168,2018,1440.0,"Meigs County, TN",0.0,TBD,47121,2018,,hypertension_death_white_non_hispanic
11768,194,2019,1648.5,"Meigs County, TN",0.0,TBD,47121,2019,,hypertension_death_white_non_hispanic
11816,188,2020,1591.1,"Meigs County, TN",0.0,TBD,47121,2020,,hypertension_death_white_non_hispanic
1083,11,2019,,"Monroe County, TN",0.0,TBD,47123,2019,,hypertension_death_black_non_hispanic
1114,12,2020,,"Monroe County, TN",0.0,TBD,47123,2020,,hypertension_death_black_non_hispanic
46240,564,2017,1219.7,"Monroe County, TN",0.001,TBD,47123,2017,,hypertension_death_all_non_hispanic
46357,625,2018,1348.2,"Monroe County, TN",0.001,TBD,47123,2018,,hypertension_death_all_non_hispanic
46545,649,2019,1394.3,"Monroe County, TN",0.001,TBD,47123,2019,,hypertension_death_all_non_hispanic
47177,720,2020,1526.2,"Monroe County, TN",0.001,TBD,47123,2020,,hypertension_death_all_non_hispanic
42519,552,2017,1298.2,"Monroe County, TN",0.001,TBD,47123,2017,,hypertension_death_white_non_hispanic
42621,609,2018,1428.9,"Monroe County, TN",0.001,TBD,47123,2018,,hypertension_death_white_non_hispanic
42809,631,2019,1474.0,"Monroe County, TN",0.002,TBD,47123,2019,,hypertension_death_white_non_hispanic
43356,699,2020,1612.2,"Monroe County, TN",0.002,TBD,47123,2020,,hypertension_death_white_non_hispanic
47788,400,2020,837.0,"Montgomery County, TN",0.006,TBD,47125,2020,,hypertension_death_black_non_hispanic
42054,230,2017,546.9,"Montgomery County, TN",0.003,TBD,47125,2017,,hypertension_death_black_non_hispanic
200182,1346,2017,672.4,"Montgomery County, TN",0.003,TBD,47125,2017,,hypertension_death_all_non_hispanic
205950,1519,2018,737.6,"Montgomery County, TN",0.003,TBD,47125,2018,,hypertension_death_all_non_hispanic
208993,1407,2019,673.2,"Montgomery County, TN",0.003,TBD,47125,2019,,hypertension_death_all_non_hispanic
133153,1156,2018,868.2,"Montgomery County, TN",0.003,TBD,47125,2018,,hypertension_death_white_non_hispanic
134189,1065,2019,793.7,"Montgomery County, TN",0.003,TBD,47125,2019,,hypertension_death_white_non_hispanic
136280,1264,2020,927.5,"Montgomery County, TN",0.003,TBD,47125,2020,,hypertension_death_white_non_hispanic
130606,1039,2017,795.5,"Montgomery County, TN",0.002,TBD,47125,2017,,hypertension_death_white_non_hispanic
44141,295,2018,668.3,"Montgomery County, TN",0.004,TBD,47125,2018,,hypertension_death_black_non_hispanic
45967,267,2019,580.9,"Montgomery County, TN",0.004,TBD,47125,2019,,hypertension_death_black_non_hispanic
214251,1750,2020,816.8,"Montgomery County, TN",0.004,TBD,47125,2020,,hypertension_death_all_non_hispanic
6384,75,2017,1174.8,"Moore County, TN",0.0,TBD,47127,2017,,hypertension_death_all_non_hispanic
6411,67,2018,1045.1,"Moore County, TN",0.0,TBD,47127,2018,,hypertension_death_all_non_hispanic
6488,73,2019,1125.2,"Moore County, TN",0.0,TBD,47127,2019,,hypertension_death_all_non_hispanic
6438,81,2020,1258.2,"Moore County, TN",0.0,TBD,47127,2020,,hypertension_death_all_non_hispanic
5994,70,2017,1167.8,"Moore County, TN",0.0,TBD,47127,2017,,hypertension_death_white_non_hispanic
6003,64,2018,1066.1,"Moore County, TN",0.0,TBD,47127,2018,,hypertension_death_white_non_hispanic
6049,69,2019,1140.7,"Moore County, TN",0.0,TBD,47127,2019,,hypertension_death_white_non_hispanic
6002,77,2020,1282.9,"Moore County, TN",0.0,TBD,47127,2020,,hypertension_death_white_non_hispanic
21579,241,2018,1116.8,"Morgan County, TN",0.0,TBD,47129,2018,,hypertension_death_all_non_hispanic
21636,258,2017,1192.5,"Morgan County, TN",0.001,TBD,47129,2017,,hypertension_death_all_non_hispanic
21403,278,2019,1298.9,"Morgan County, TN",0.001,TBD,47129,2019,,hypertension_death_all_non_hispanic
21431,261,2020,1217.9,"Morgan County, TN",0.001,TBD,47129,2020,,hypertension_death_all_non_hispanic
20342,254,2017,1248.6,"Morgan County, TN",0.001,TBD,47129,2017,,hypertension_death_white_non_hispanic
20258,240,2018,1184.7,"Morgan County, TN",0.001,TBD,47129,2018,,hypertension_death_white_non_hispanic
20057,276,2019,1376.1,"Morgan County, TN",0.001,TBD,47129,2019,,hypertension_death_white_non_hispanic
20074,258,2020,1285.2,"Morgan County, TN",0.001,TBD,47129,2020,,hypertension_death_white_non_hispanic
3390,23,2017,678.5,"Obion County, TN",0.0,TBD,47131,2017,,hypertension_death_black_non_hispanic
3378,47,2018,1391.4,"Obion County, TN",0.001,TBD,47131,2018,,hypertension_death_black_non_hispanic
3361,41,2019,1219.9,"Obion County, TN",0.001,TBD,47131,2019,,hypertension_death_black_non_hispanic
3350,50,2020,1492.5,"Obion County, TN",0.001,TBD,47131,2020,,hypertension_death_black_non_hispanic
30385,388,2017,1276.9,"Obion County, TN",0.001,TBD,47131,2017,,hypertension_death_all_non_hispanic
30267,429,2018,1417.4,"Obion County, TN",0.001,TBD,47131,2018,,hypertension_death_all_non_hispanic
30069,407,2019,1353.6,"Obion County, TN",0.001,TBD,47131,2019,,hypertension_death_all_non_hispanic
30131,525,2020,1742.4,"Obion County, TN",0.001,TBD,47131,2020,,hypertension_death_all_non_hispanic
25480,362,2017,1420.7,"Obion County, TN",0.001,TBD,47131,2017,,hypertension_death_white_non_hispanic
25292,380,2018,1502.5,"Obion County, TN",0.001,TBD,47131,2018,,hypertension_death_white_non_hispanic
25061,362,2019,1444.5,"Obion County, TN",0.001,TBD,47131,2019,,hypertension_death_white_non_hispanic
25005,469,2020,1875.6,"Obion County, TN",0.001,TBD,47131,2020,,hypertension_death_white_non_hispanic
22012,325,2017,1476.5,"Overton County, TN",0.001,TBD,47133,2017,,hypertension_death_all_non_hispanic
22068,332,2018,1504.4,"Overton County, TN",0.001,TBD,47133,2018,,hypertension_death_all_non_hispanic
22241,321,2019,1443.3,"Overton County, TN",0.001,TBD,47133,2019,,hypertension_death_all_non_hispanic
22566,392,2020,1737.1,"Overton County, TN",0.001,TBD,47133,2020,,hypertension_death_all_non_hispanic
21350,325,2017,1522.2,"Overton County, TN",0.001,TBD,47133,2017,,hypertension_death_white_non_hispanic
21356,330,2018,1545.2,"Overton County, TN",0.001,TBD,47133,2018,,hypertension_death_white_non_hispanic
21494,321,2019,1493.4,"Overton County, TN",0.001,TBD,47133,2019,,hypertension_death_white_non_hispanic
21786,391,2020,1794.7,"Overton County, TN",0.001,TBD,47133,2020,,hypertension_death_white_non_hispanic
7975,122,2017,1529.8,"Perry County, TN",0.0,TBD,47135,2017,,hypertension_death_all_non_hispanic
8064,136,2018,1686.5,"Perry County, TN",0.0,TBD,47135,2018,,hypertension_death_all_non_hispanic
8076,113,2019,1399.2,"Perry County, TN",0.0,TBD,47135,2019,,hypertension_death_all_non_hispanic
8099,135,2020,1666.9,"Perry County, TN",0.0,TBD,47135,2020,,hypertension_death_all_non_hispanic
7423,120,2017,1616.6,"Perry County, TN",0.0,TBD,47135,2017,,hypertension_death_white_non_hispanic
7480,136,2018,1818.2,"Perry County, TN",0.0,TBD,47135,2018,,hypertension_death_white_non_hispanic
7499,109,2019,1453.5,"Perry County, TN",0.0,TBD,47135,2019,,hypertension_death_white_non_hispanic
7489,131,2020,1749.2,"Perry County, TN",0.0,TBD,47135,2020,,hypertension_death_white_non_hispanic
5073,77,2017,1517.8,"Pickett County, TN",0.0,TBD,47137,2017,,hypertension_death_all_non_hispanic
5082,93,2018,1830.0,"Pickett County, TN",0.0,TBD,47137,2018,,hypertension_death_all_non_hispanic
5048,76,2019,1505.5,"Pickett County, TN",0.0,TBD,47137,2019,,hypertension_death_all_non_hispanic
5061,89,2020,1758.5,"Pickett County, TN",0.0,TBD,47137,2020,,hypertension_death_all_non_hispanic
4930,75,2017,1521.3,"Pickett County, TN",0.0,TBD,47137,2017,,hypertension_death_white_non_hispanic
4937,93,2018,1883.7,"Pickett County, TN",0.0,TBD,47137,2018,,hypertension_death_white_non_hispanic
4888,76,2019,1554.8,"Pickett County, TN",0.0,TBD,47137,2019,,hypertension_death_white_non_hispanic
4889,88,2020,1800.0,"Pickett County, TN",0.0,TBD,47137,2020,,hypertension_death_white_non_hispanic
16757,253,2017,1509.8,"Polk County, TN",0.001,TBD,47139,2017,,hypertension_death_all_non_hispanic
16898,251,2018,1485.4,"Polk County, TN",0.001,TBD,47139,2018,,hypertension_death_all_non_hispanic
16832,249,2019,1479.3,"Polk County, TN",0.001,TBD,47139,2019,,hypertension_death_all_non_hispanic
16835,276,2020,1639.4,"Polk County, TN",0.001,TBD,47139,2020,,hypertension_death_all_non_hispanic
16100,252,2017,1565.2,"Polk County, TN",0.001,TBD,47139,2017,,hypertension_death_white_non_hispanic
16209,249,2018,1536.2,"Polk County, TN",0.001,TBD,47139,2018,,hypertension_death_white_non_hispanic
16132,248,2019,1537.3,"Polk County, TN",0.001,TBD,47139,2019,,hypertension_death_white_non_hispanic
16158,274,2020,1695.8,"Polk County, TN",0.001,TBD,47139,2020,,hypertension_death_white_non_hispanic
2030,14,2018,,"Putnam County, TN",0.0,TBD,47141,2018,,hypertension_death_black_non_hispanic
2123,11,2019,,"Putnam County, TN",0.0,TBD,47141,2019,,hypertension_death_black_non_hispanic
2163,14,2020,,"Putnam County, TN",0.0,TBD,47141,2020,,hypertension_death_black_non_hispanic
77674,792,2017,1019.6,"Putnam County, TN",0.002,TBD,47141,2017,,hypertension_death_all_non_hispanic
78843,848,2018,1075.6,"Putnam County, TN",0.002,TBD,47141,2018,,hypertension_death_all_non_hispanic
80245,844,2019,1051.8,"Putnam County, TN",0.002,TBD,47141,2019,,hypertension_death_all_non_hispanic
80929,1070,2020,1322.1,"Putnam County, TN",0.002,TBD,47141,2020,,hypertension_death_all_non_hispanic
69331,769,2017,1109.2,"Putnam County, TN",0.002,TBD,47141,2017,,hypertension_death_white_non_hispanic
70242,815,2018,1160.3,"Putnam County, TN",0.002,TBD,47141,2018,,hypertension_death_white_non_hispanic
71380,816,2019,1143.2,"Putnam County, TN",0.002,TBD,47141,2019,,hypertension_death_white_non_hispanic
71887,1036,2020,1441.2,"Putnam County, TN",0.002,TBD,47141,2020,,hypertension_death_white_non_hispanic
866,10,2017,,"Rhea County, TN",0.0,TBD,47143,2017,,hypertension_death_black_non_hispanic
819,11,2020,,"Rhea County, TN",0.0,TBD,47143,2020,,hypertension_death_black_non_hispanic
32691,435,2017,1330.6,"Rhea County, TN",0.001,TBD,47143,2017,,hypertension_death_all_non_hispanic
33044,447,2018,1352.7,"Rhea County, TN",0.001,TBD,47143,2018,,hypertension_death_all_non_hispanic
33167,416,2019,1254.3,"Rhea County, TN",0.001,TBD,47143,2019,,hypertension_death_all_non_hispanic
33443,503,2020,1504.1,"Rhea County, TN",0.001,TBD,47143,2020,,hypertension_death_all_non_hispanic
29882,423,2017,1415.6,"Rhea County, TN",0.001,TBD,47143,2017,,hypertension_death_white_non_hispanic
30096,436,2018,1448.7,"Rhea County, TN",0.001,TBD,47143,2018,,hypertension_death_white_non_hispanic
30264,405,2019,1338.2,"Rhea County, TN",0.001,TBD,47143,2019,,hypertension_death_white_non_hispanic
30478,484,2020,1588.0,"Rhea County, TN",0.001,TBD,47143,2020,,hypertension_death_white_non_hispanic
1615,13,2017,,"Roane County, TN",0.0,TBD,47145,2017,,hypertension_death_black_non_hispanic
1631,22,2018,1348.9,"Roane County, TN",0.0,TBD,47145,2018,,hypertension_death_black_non_hispanic
1684,22,2019,1306.4,"Roane County, TN",0.0,TBD,47145,2019,,hypertension_death_black_non_hispanic
1722,23,2020,1335.7,"Roane County, TN",0.0,TBD,47145,2020,,hypertension_death_black_non_hispanic
53036,772,2017,1455.6,"Roane County, TN",0.002,TBD,47145,2017,,hypertension_death_all_non_hispanic
53140,785,2018,1477.2,"Roane County, TN",0.002,TBD,47145,2018,,hypertension_death_all_non_hispanic
53382,818,2019,1532.4,"Roane County, TN",0.002,TBD,47145,2019,,hypertension_death_all_non_hispanic
53841,877,2020,1628.9,"Roane County, TN",0.002,TBD,47145,2020,,hypertension_death_all_non_hispanic
49820,754,2017,1513.4,"Roane County, TN",0.002,TBD,47145,2017,,hypertension_death_white_non_hispanic
49859,760,2018,1524.3,"Roane County, TN",0.002,TBD,47145,2018,,hypertension_death_white_non_hispanic
50022,792,2019,1583.3,"Roane County, TN",0.002,TBD,47145,2019,,hypertension_death_white_non_hispanic
50306,847,2020,1683.7,"Roane County, TN",0.002,TBD,47145,2020,,hypertension_death_white_non_hispanic
5397,58,2017,1074.7,"Robertson County, TN",0.001,TBD,47147,2017,,hypertension_death_black_non_hispanic
5507,64,2018,1162.2,"Robertson County, TN",0.001,TBD,47147,2018,,hypertension_death_black_non_hispanic
5681,61,2019,1073.8,"Robertson County, TN",0.001,TBD,47147,2019,,hypertension_death_black_non_hispanic
5755,86,2020,1494.4,"Robertson County, TN",0.001,TBD,47147,2020,,hypertension_death_black_non_hispanic
70177,701,2017,998.9,"Robertson County, TN",0.001,TBD,47147,2017,,hypertension_death_all_non_hispanic
71012,697,2018,981.5,"Robertson County, TN",0.001,TBD,47147,2018,,hypertension_death_all_non_hispanic
71813,709,2019,987.3,"Robertson County, TN",0.001,TBD,47147,2019,,hypertension_death_all_non_hispanic
59599,626,2018,1050.4,"Robertson County, TN",0.001,TBD,47147,2018,,hypertension_death_white_non_hispanic
72275,886,2020,1225.9,"Robertson County, TN",0.002,TBD,47147,2020,,hypertension_death_all_non_hispanic
59211,633,2017,1069.1,"Robertson County, TN",0.002,TBD,47147,2017,,hypertension_death_white_non_hispanic
60013,640,2019,1066.4,"Robertson County, TN",0.002,TBD,47147,2019,,hypertension_death_white_non_hispanic
60169,782,2020,1299.7,"Robertson County, TN",0.002,TBD,47147,2020,,hypertension_death_white_non_hispanic
57772,355,2020,614.5,"Rutherford County, TN",0.005,TBD,47149,2020,,hypertension_death_black_non_hispanic
332285,2243,2019,675.0,"Rutherford County, TN",0.005,TBD,47149,2019,,hypertension_death_all_non_hispanic
339261,2649,2020,780.8,"Rutherford County, TN",0.005,TBD,47149,2020,,hypertension_death_all_non_hispanic
234414,1899,2019,810.1,"Rutherford County, TN",0.005,TBD,47149,2019,,hypertension_death_white_non_hispanic
236419,2166,2020,916.2,"Rutherford County, TN",0.005,TBD,47149,2020,,hypertension_death_white_non_hispanic
49897,215,2017,430.9,"Rutherford County, TN",0.003,TBD,47149,2017,,hypertension_death_black_non_hispanic
52510,259,2018,493.2,"Rutherford County, TN",0.004,TBD,47149,2018,,hypertension_death_black_non_hispanic
55194,252,2019,456.6,"Rutherford County, TN",0.004,TBD,47149,2019,,hypertension_death_black_non_hispanic
317157,2124,2017,669.7,"Rutherford County, TN",0.004,TBD,47149,2017,,hypertension_death_all_non_hispanic
324890,2115,2018,651.0,"Rutherford County, TN",0.004,TBD,47149,2018,,hypertension_death_all_non_hispanic
228946,1828,2017,798.4,"Rutherford County, TN",0.004,TBD,47149,2017,,hypertension_death_white_non_hispanic
231825,1768,2018,762.6,"Rutherford County, TN",0.004,TBD,47149,2018,,hypertension_death_white_non_hispanic
21989,296,2017,1346.1,"Scott County, TN",0.001,TBD,47151,2017,,hypertension_death_all_non_hispanic
22039,294,2018,1334.0,"Scott County, TN",0.001,TBD,47151,2018,,hypertension_death_all_non_hispanic
22068,268,2019,1214.4,"Scott County, TN",0.001,TBD,47151,2019,,hypertension_death_all_non_hispanic
22090,285,2020,1290.2,"Scott County, TN",0.001,TBD,47151,2020,,hypertension_death_all_non_hispanic
21557,294,2017,1363.8,"Scott County, TN",0.001,TBD,47151,2017,,hypertension_death_white_non_hispanic
21562,292,2018,1354.2,"Scott County, TN",0.001,TBD,47151,2018,,hypertension_death_white_non_hispanic
21564,266,2019,1233.5,"Scott County, TN",0.001,TBD,47151,2019,,hypertension_death_white_non_hispanic
21579,284,2020,1316.1,"Scott County, TN",0.001,TBD,47151,2020,,hypertension_death_white_non_hispanic
14736,159,2017,1079.0,"Sequatchie County, TN",0.0,TBD,47153,2017,,hypertension_death_all_non_hispanic
14876,162,2018,1089.0,"Sequatchie County, TN",0.0,TBD,47153,2018,,hypertension_death_all_non_hispanic
15026,170,2019,1131.4,"Sequatchie County, TN",0.0,TBD,47153,2019,,hypertension_death_all_non_hispanic
15176,188,2020,1238.8,"Sequatchie County, TN",0.0,TBD,47153,2020,,hypertension_death_all_non_hispanic
13921,155,2017,1113.4,"Sequatchie County, TN",0.0,TBD,47153,2017,,hypertension_death_white_non_hispanic
14064,160,2018,1137.7,"Sequatchie County, TN",0.0,TBD,47153,2018,,hypertension_death_white_non_hispanic
14168,167,2019,1178.7,"Sequatchie County, TN",0.0,TBD,47153,2019,,hypertension_death_white_non_hispanic
14299,188,2020,1314.8,"Sequatchie County, TN",0.0,TBD,47153,2020,,hypertension_death_white_non_hispanic
99244,1287,2020,1296.8,"Sevier County, TN",0.003,TBD,47155,2020,,hypertension_death_all_non_hispanic
88662,1074,2017,1211.3,"Sevier County, TN",0.003,TBD,47155,2017,,hypertension_death_white_non_hispanic
88712,1122,2018,1264.8,"Sevier County, TN",0.003,TBD,47155,2018,,hypertension_death_white_non_hispanic
88764,1116,2019,1257.3,"Sevier County, TN",0.003,TBD,47155,2019,,hypertension_death_white_non_hispanic
89253,1257,2020,1408.4,"Sevier County, TN",0.003,TBD,47155,2020,,hypertension_death_white_non_hispanic
97638,1095,2017,1121.5,"Sevier County, TN",0.002,TBD,47155,2017,,hypertension_death_all_non_hispanic
97892,1142,2018,1166.6,"Sevier County, TN",0.002,TBD,47155,2018,,hypertension_death_all_non_hispanic
98250,1139,2019,1159.3,"Sevier County, TN",0.002,TBD,47155,2019,,hypertension_death_all_non_hispanic
508329,4211,2017,828.4,"Shelby County, TN",0.06,TBD,47157,2017,,hypertension_death_black_non_hispanic
508359,4407,2018,866.9,"Shelby County, TN",0.063,TBD,47157,2018,,hypertension_death_black_non_hispanic
509825,4532,2019,888.9,"Shelby County, TN",0.065,TBD,47157,2019,,hypertension_death_black_non_hispanic
510946,5852,2020,1145.3,"Shelby County, TN",0.084,TBD,47157,2020,,hypertension_death_black_non_hispanic
936961,8270,2017,882.6,"Shelby County, TN",0.017,TBD,47157,2017,,hypertension_death_all_non_hispanic
935764,8528,2018,911.3,"Shelby County, TN",0.017,TBD,47157,2018,,hypertension_death_all_non_hispanic
937166,8723,2019,930.8,"Shelby County, TN",0.018000000000000002,TBD,47157,2019,,hypertension_death_all_non_hispanic
936017,10656,2020,1138.4,"Shelby County, TN",0.021,TBD,47157,2020,,hypertension_death_all_non_hispanic
332450,4450,2020,1338.5,"Shelby County, TN",0.011000000000000001,TBD,47157,2020,,hypertension_death_white_non_hispanic
340827,3848,2017,1129.0,"Shelby County, TN",0.0090000000000000011,TBD,47157,2017,,hypertension_death_white_non_hispanic
337877,3869,2018,1145.1,"Shelby County, TN",0.0090000000000000011,TBD,47157,2018,,hypertension_death_white_non_hispanic
335625,3923,2019,1168.9,"Shelby County, TN",0.0090000000000000011,TBD,47157,2019,,hypertension_death_white_non_hispanic
578,10,2020,,"Smith County, TN",0.0,TBD,47159,2020,,hypertension_death_black_non_hispanic
19636,191,2017,972.7,"Smith County, TN",0.0,TBD,47159,2017,,hypertension_death_all_non_hispanic
20157,234,2019,1160.9,"Smith County, TN",0.0,TBD,47159,2019,,hypertension_death_all_non_hispanic
18447,184,2017,997.5,"Smith County, TN",0.0,TBD,47159,2017,,hypertension_death_white_non_hispanic
19942,252,2018,1263.7,"Smith County, TN",0.001,TBD,47159,2018,,hypertension_death_all_non_hispanic
20285,264,2020,1301.5,"Smith County, TN",0.001,TBD,47159,2020,,hypertension_death_all_non_hispanic
18662,241,2018,1291.4,"Smith County, TN",0.001,TBD,47159,2018,,hypertension_death_white_non_hispanic
18848,224,2019,1188.5,"Smith County, TN",0.001,TBD,47159,2019,,hypertension_death_white_non_hispanic
18864,253,2020,1341.2,"Smith County, TN",0.001,TBD,47159,2020,,hypertension_death_white_non_hispanic
13355,146,2017,1093.2,"Stewart County, TN",0.0,TBD,47161,2017,,hypertension_death_all_non_hispanic
13561,179,2018,1320.0,"Stewart County, TN",0.0,TBD,47161,2018,,hypertension_death_all_non_hispanic
13715,178,2019,1297.8,"Stewart County, TN",0.0,TBD,47161,2019,,hypertension_death_all_non_hispanic
13859,192,2020,1385.4,"Stewart County, TN",0.0,TBD,47161,2020,,hypertension_death_all_non_hispanic
12449,143,2017,1148.7,"Stewart County, TN",0.0,TBD,47161,2017,,hypertension_death_white_non_hispanic
12608,174,2018,1380.1,"Stewart County, TN",0.0,TBD,47161,2018,,hypertension_death_white_non_hispanic
12677,174,2019,1372.6,"Stewart County, TN",0.0,TBD,47161,2019,,hypertension_death_white_non_hispanic
12785,189,2020,1478.3,"Stewart County, TN",0.0,TBD,47161,2020,,hypertension_death_white_non_hispanic
149146,2469,2020,1655.4,"Sullivan County, TN",0.006,TBD,47163,2020,,hypertension_death_white_non_hispanic
4142,30,2019,724.3,"Sullivan County, TN",0.0,TBD,47163,2019,,hypertension_death_black_non_hispanic
158755,2531,2020,1594.3,"Sullivan County, TN",0.005,TBD,47163,2020,,hypertension_death_all_non_hispanic
148404,2123,2017,1430.6,"Sullivan County, TN",0.005,TBD,47163,2017,,hypertension_death_white_non_hispanic
148666,2062,2018,1387.0,"Sullivan County, TN",0.005,TBD,47163,2018,,hypertension_death_white_non_hispanic
149052,2150,2019,1442.4,"Sullivan County, TN",0.005,TBD,47163,2019,,hypertension_death_white_non_hispanic
3970,41,2017,1032.7,"Sullivan County, TN",0.001,TBD,47163,2017,,hypertension_death_black_non_hispanic
4064,49,2018,1205.7,"Sullivan County, TN",0.001,TBD,47163,2018,,hypertension_death_black_non_hispanic
4179,46,2020,1100.7,"Sullivan County, TN",0.001,TBD,47163,2020,,hypertension_death_black_non_hispanic
157158,2180,2017,1387.1,"Sullivan County, TN",0.004,TBD,47163,2017,,hypertension_death_all_non_hispanic
157668,2126,2018,1348.4,"Sullivan County, TN",0.004,TBD,47163,2018,,hypertension_death_all_non_hispanic
158348,2194,2019,1385.6,"Sullivan County, TN",0.004,TBD,47163,2019,,hypertension_death_all_non_hispanic
183545,1700,2017,926.2,"Sumner County, TN",0.003,TBD,47165,2017,,hypertension_death_all_non_hispanic
187149,1682,2018,898.7,"Sumner County, TN",0.003,TBD,47165,2018,,hypertension_death_all_non_hispanic
191283,1701,2019,889.3,"Sumner County, TN",0.003,TBD,47165,2019,,hypertension_death_all_non_hispanic
14412,103,2017,714.7,"Sumner County, TN",0.001,TBD,47165,2017,,hypertension_death_black_non_hispanic
15234,94,2018,617.0,"Sumner County, TN",0.001,TBD,47165,2018,,hypertension_death_black_non_hispanic
16206,106,2019,654.1,"Sumner County, TN",0.002,TBD,47165,2019,,hypertension_death_black_non_hispanic
17011,129,2020,758.3,"Sumner County, TN",0.002,TBD,47165,2020,,hypertension_death_black_non_hispanic
195561,2026,2020,1036.0,"Sumner County, TN",0.004,TBD,47165,2020,,hypertension_death_all_non_hispanic
156705,1570,2017,1001.9,"Sumner County, TN",0.004,TBD,47165,2017,,hypertension_death_white_non_hispanic
158846,1566,2018,985.9,"Sumner County, TN",0.004,TBD,47165,2018,,hypertension_death_white_non_hispanic
161025,1559,2019,968.2,"Sumner County, TN",0.004,TBD,47165,2019,,hypertension_death_white_non_hispanic
163569,1851,2020,1131.6,"Sumner County, TN",0.004,TBD,47165,2020,,hypertension_death_white_non_hispanic
11600,101,2019,870.7,"Tipton County, TN",0.001,TBD,47167,2019,,hypertension_death_black_non_hispanic
61366,614,2017,1000.6,"Tipton County, TN",0.001,TBD,47167,2017,,hypertension_death_all_non_hispanic
61581,617,2018,1001.9,"Tipton County, TN",0.001,TBD,47167,2018,,hypertension_death_all_non_hispanic
61599,619,2019,1004.9,"Tipton County, TN",0.001,TBD,47167,2019,,hypertension_death_all_non_hispanic
61918,711,2020,1148.3,"Tipton County, TN",0.001,TBD,47167,2020,,hypertension_death_all_non_hispanic
47164,501,2017,1062.3,"Tipton County, TN",0.001,TBD,47167,2017,,hypertension_death_white_non_hispanic
47348,499,2018,1053.9,"Tipton County, TN",0.001,TBD,47167,2018,,hypertension_death_white_non_hispanic
47311,510,2019,1078.0,"Tipton County, TN",0.001,TBD,47167,2019,,hypertension_death_white_non_hispanic
47572,571,2020,1200.3,"Tipton County, TN",0.001,TBD,47167,2020,,hypertension_death_white_non_hispanic
11578,109,2017,941.4,"Tipton County, TN",0.002,TBD,47167,2017,,hypertension_death_black_non_hispanic
11582,113,2018,975.7,"Tipton County, TN",0.002,TBD,47167,2018,,hypertension_death_black_non_hispanic
11606,133,2020,1146.0,"Tipton County, TN",0.002,TBD,47167,2020,,hypertension_death_black_non_hispanic
1144,13,2017,,"Trousdale County, TN",0.0,TBD,47169,2017,,hypertension_death_black_non_hispanic
1339,19,2018,,"Trousdale County, TN",0.0,TBD,47169,2018,,hypertension_death_black_non_hispanic
1402,18,2020,,"Trousdale County, TN",0.0,TBD,47169,2020,,hypertension_death_black_non_hispanic
10083,96,2017,952.1,"Trousdale County, TN",0.0,TBD,47169,2017,,hypertension_death_all_non_hispanic
11012,113,2018,1026.2,"Trousdale County, TN",0.0,TBD,47169,2018,,hypertension_death_all_non_hispanic
11284,77,2019,682.4,"Trousdale County, TN",0.0,TBD,47169,2019,,hypertension_death_all_non_hispanic
11455,130,2020,1134.9,"Trousdale County, TN",0.0,TBD,47169,2020,,hypertension_death_all_non_hispanic
8573,83,2017,968.2,"Trousdale County, TN",0.0,TBD,47169,2017,,hypertension_death_white_non_hispanic
9316,94,2018,1009.0,"Trousdale County, TN",0.0,TBD,47169,2018,,hypertension_death_white_non_hispanic
9543,68,2019,712.6,"Trousdale County, TN",0.0,TBD,47169,2019,,hypertension_death_white_non_hispanic
9628,110,2020,1142.5,"Trousdale County, TN",0.0,TBD,47169,2020,,hypertension_death_white_non_hispanic
17759,290,2017,1633.0,"Unicoi County, TN",0.001,TBD,47171,2017,,hypertension_death_all_non_hispanic
17761,308,2018,1734.1,"Unicoi County, TN",0.001,TBD,47171,2018,,hypertension_death_all_non_hispanic
17883,299,2019,1672.0,"Unicoi County, TN",0.001,TBD,47171,2019,,hypertension_death_all_non_hispanic
17755,346,2020,1948.7,"Unicoi County, TN",0.001,TBD,47171,2020,,hypertension_death_all_non_hispanic
16689,285,2017,1707.7,"Unicoi County, TN",0.001,TBD,47171,2017,,hypertension_death_white_non_hispanic
16633,305,2018,1833.7,"Unicoi County, TN",0.001,TBD,47171,2018,,hypertension_death_white_non_hispanic
16687,298,2019,1785.8,"Unicoi County, TN",0.001,TBD,47171,2019,,hypertension_death_white_non_hispanic
16470,337,2020,2046.1,"Unicoi County, TN",0.001,TBD,47171,2020,,hypertension_death_white_non_hispanic
19442,235,2017,1208.7,"Union County, TN",0.0,TBD,47173,2017,,hypertension_death_all_non_hispanic
19688,226,2018,1147.9,"Union County, TN",0.0,TBD,47173,2018,,hypertension_death_all_non_hispanic
19972,225,2019,1126.6,"Union County, TN",0.0,TBD,47173,2019,,hypertension_death_all_non_hispanic
20187,298,2020,1476.2,"Union County, TN",0.001,TBD,47173,2020,,hypertension_death_all_non_hispanic
18925,235,2017,1241.7,"Union County, TN",0.001,TBD,47173,2017,,hypertension_death_white_non_hispanic
19107,226,2018,1182.8,"Union County, TN",0.001,TBD,47173,2018,,hypertension_death_white_non_hispanic
19356,223,2019,1152.1,"Union County, TN",0.001,TBD,47173,2019,,hypertension_death_white_non_hispanic
19537,294,2020,1504.8,"Union County, TN",0.001,TBD,47173,2020,,hypertension_death_white_non_hispanic
5742,71,2017,1236.5,"Van Buren County, TN",0.0,TBD,47175,2017,,hypertension_death_all_non_hispanic
5765,91,2018,1578.5,"Van Buren County, TN",0.0,TBD,47175,2018,,hypertension_death_all_non_hispanic
5872,107,2019,1822.2,"Van Buren County, TN",0.0,TBD,47175,2019,,hypertension_death_all_non_hispanic
5947,94,2020,1580.6,"Van Buren County, TN",0.0,TBD,47175,2020,,hypertension_death_all_non_hispanic
5555,70,2017,1260.1,"Van Buren County, TN",0.0,TBD,47175,2017,,hypertension_death_white_non_hispanic
5567,90,2018,1616.7,"Van Buren County, TN",0.0,TBD,47175,2018,,hypertension_death_white_non_hispanic
5646,107,2019,1895.1,"Van Buren County, TN",0.0,TBD,47175,2019,,hypertension_death_white_non_hispanic
5707,94,2020,1647.1,"Van Buren County, TN",0.0,TBD,47175,2020,,hypertension_death_white_non_hispanic
1503,15,2017,,"Warren County, TN",0.0,TBD,47177,2017,,hypertension_death_black_non_hispanic
1522,14,2018,,"Warren County, TN",0.0,TBD,47177,2018,,hypertension_death_black_non_hispanic
1545,18,2019,,"Warren County, TN",0.0,TBD,47177,2019,,hypertension_death_black_non_hispanic
1587,18,2020,,"Warren County, TN",0.0,TBD,47177,2020,,hypertension_death_black_non_hispanic
40651,502,2017,1234.9,"Warren County, TN",0.001,TBD,47177,2017,,hypertension_death_all_non_hispanic
40878,519,2018,1269.6,"Warren County, TN",0.001,TBD,47177,2018,,hypertension_death_all_non_hispanic
41277,528,2019,1279.2,"Warren County, TN",0.001,TBD,47177,2019,,hypertension_death_all_non_hispanic
41605,584,2020,1403.7,"Warren County, TN",0.001,TBD,47177,2020,,hypertension_death_all_non_hispanic
35013,480,2017,1370.9,"Warren County, TN",0.001,TBD,47177,2017,,hypertension_death_white_non_hispanic
35117,496,2018,1412.4,"Warren County, TN",0.001,TBD,47177,2018,,hypertension_death_white_non_hispanic
35358,506,2019,1431.1,"Warren County, TN",0.001,TBD,47177,2019,,hypertension_death_white_non_hispanic
35559,550,2020,1546.7,"Warren County, TN",0.001,TBD,47177,2020,,hypertension_death_white_non_hispanic
127806,1555,2017,1216.7,"Washington County, TN",0.003,TBD,47179,2017,,hypertension_death_all_non_hispanic
128607,1477,2018,1148.5,"Washington County, TN",0.003,TBD,47179,2018,,hypertension_death_all_non_hispanic
129375,1525,2019,1178.7,"Washington County, TN",0.003,TBD,47179,2019,,hypertension_death_all_non_hispanic
115177,1417,2018,1230.3,"Washington County, TN",0.003,TBD,47179,2018,,hypertension_death_white_non_hispanic
115674,1458,2019,1260.4,"Washington County, TN",0.003,TBD,47179,2019,,hypertension_death_white_non_hispanic
6005,52,2017,865.9,"Washington County, TN",0.001,TBD,47179,2017,,hypertension_death_black_non_hispanic
6194,44,2018,710.4,"Washington County, TN",0.001,TBD,47179,2018,,hypertension_death_black_non_hispanic
6222,39,2019,626.8,"Washington County, TN",0.001,TBD,47179,2019,,hypertension_death_black_non_hispanic
6186,62,2020,1002.3,"Washington County, TN",0.001,TBD,47179,2020,,hypertension_death_black_non_hispanic
130367,1811,2020,1389.2,"Washington County, TN",0.004,TBD,47179,2020,,hypertension_death_all_non_hispanic
114835,1480,2017,1288.8,"Washington County, TN",0.004,TBD,47179,2017,,hypertension_death_white_non_hispanic
116288,1726,2020,1484.2,"Washington County, TN",0.004,TBD,47179,2020,,hypertension_death_white_non_hispanic
16583,229,2017,1380.9,"Wayne County, TN",0.0,TBD,47181,2017,,hypertension_death_all_non_hispanic
16558,197,2018,1189.8,"Wayne County, TN",0.0,TBD,47181,2018,,hypertension_death_all_non_hispanic
16673,213,2019,1277.5,"Wayne County, TN",0.0,TBD,47181,2019,,hypertension_death_all_non_hispanic
16524,231,2020,1398.0,"Wayne County, TN",0.0,TBD,47181,2020,,hypertension_death_all_non_hispanic
14983,193,2018,1288.1,"Wayne County, TN",0.0,TBD,47181,2018,,hypertension_death_white_non_hispanic
15026,228,2017,1517.4,"Wayne County, TN",0.001,TBD,47181,2017,,hypertension_death_white_non_hispanic
15036,209,2019,1390.0,"Wayne County, TN",0.001,TBD,47181,2019,,hypertension_death_white_non_hispanic
14858,227,2020,1527.8,"Wayne County, TN",0.001,TBD,47181,2020,,hypertension_death_white_non_hispanic
2707,30,2017,1108.2,"Weakley County, TN",0.0,TBD,47183,2017,,hypertension_death_black_non_hispanic
2694,18,2018,,"Weakley County, TN",0.0,TBD,47183,2018,,hypertension_death_black_non_hispanic
2682,24,2019,894.9,"Weakley County, TN",0.0,TBD,47183,2019,,hypertension_death_black_non_hispanic
2762,24,2020,868.9,"Weakley County, TN",0.0,TBD,47183,2020,,hypertension_death_black_non_hispanic
33337,388,2017,1163.9,"Weakley County, TN",0.001,TBD,47183,2017,,hypertension_death_all_non_hispanic
33415,401,2018,1200.1,"Weakley County, TN",0.001,TBD,47183,2018,,hypertension_death_all_non_hispanic
33328,420,2019,1260.2,"Weakley County, TN",0.001,TBD,47183,2019,,hypertension_death_all_non_hispanic
33334,449,2020,1347.0,"Weakley County, TN",0.001,TBD,47183,2020,,hypertension_death_all_non_hispanic
29303,355,2017,1211.5,"Weakley County, TN",0.001,TBD,47183,2017,,hypertension_death_white_non_hispanic
29301,378,2018,1290.1,"Weakley County, TN",0.001,TBD,47183,2018,,hypertension_death_white_non_hispanic
29136,392,2019,1345.4,"Weakley County, TN",0.001,TBD,47183,2019,,hypertension_death_white_non_hispanic
29053,423,2020,1456.0,"Weakley County, TN",0.001,TBD,47183,2020,,hypertension_death_white_non_hispanic
26753,367,2017,1371.8,"White County, TN",0.001,TBD,47185,2017,,hypertension_death_all_non_hispanic
27107,402,2018,1483.0,"White County, TN",0.001,TBD,47185,2018,,hypertension_death_all_non_hispanic
27345,356,2019,1301.9,"White County, TN",0.001,TBD,47185,2019,,hypertension_death_all_non_hispanic
27707,425,2020,1533.9,"White County, TN",0.001,TBD,47185,2020,,hypertension_death_all_non_hispanic
25249,360,2017,1425.8,"White County, TN",0.001,TBD,47185,2017,,hypertension_death_white_non_hispanic
25480,397,2018,1558.1,"White County, TN",0.001,TBD,47185,2018,,hypertension_death_white_non_hispanic
25728,347,2019,1348.7,"White County, TN",0.001,TBD,47185,2019,,hypertension_death_white_non_hispanic
26036,414,2020,1590.1,"White County, TN",0.001,TBD,47185,2020,,hypertension_death_white_non_hispanic
226257,1341,2017,592.7,"Williamson County, TN",0.003,TBD,47187,2017,,hypertension_death_all_non_hispanic
231729,1382,2018,596.4,"Williamson County, TN",0.003,TBD,47187,2018,,hypertension_death_all_non_hispanic
238412,1483,2019,622.0,"Williamson County, TN",0.003,TBD,47187,2019,,hypertension_death_all_non_hispanic
245348,1627,2020,663.1,"Williamson County, TN",0.003,TBD,47187,2020,,hypertension_death_all_non_hispanic
194020,1252,2017,645.3,"Williamson County, TN",0.003,TBD,47187,2017,,hypertension_death_white_non_hispanic
197789,1279,2018,646.6,"Williamson County, TN",0.003,TBD,47187,2018,,hypertension_death_white_non_hispanic
202278,1376,2019,680.3,"Williamson County, TN",0.003,TBD,47187,2019,,hypertension_death_white_non_hispanic
10427,59,2017,565.8,"Williamson County, TN",0.001,TBD,47187,2017,,hypertension_death_black_non_hispanic
10723,74,2018,690.1,"Williamson County, TN",0.001,TBD,47187,2018,,hypertension_death_black_non_hispanic
11044,63,2019,570.4,"Williamson County, TN",0.001,TBD,47187,2019,,hypertension_death_black_non_hispanic
11285,95,2020,841.8,"Williamson County, TN",0.001,TBD,47187,2020,,hypertension_death_black_non_hispanic
207438,1477,2020,712.0,"Williamson County, TN",0.004,TBD,47187,2020,,hypertension_death_white_non_hispanic
144657,1248,2019,862.7,"Wilson County, TN",0.003,TBD,47189,2019,,hypertension_death_all_non_hispanic
148130,1525,2020,1029.5,"Wilson County, TN",0.003,TBD,47189,2020,,hypertension_death_all_non_hispanic
120600,1065,2018,883.1,"Wilson County, TN",0.003,TBD,47189,2018,,hypertension_death_white_non_hispanic
123334,1143,2019,926.8,"Wilson County, TN",0.003,TBD,47189,2019,,hypertension_death_white_non_hispanic
125343,1372,2020,1094.6,"Wilson County, TN",0.003,TBD,47189,2020,,hypertension_death_white_non_hispanic
10013,66,2017,659.1,"Wilson County, TN",0.001,TBD,47189,2017,,hypertension_death_black_non_hispanic
10600,87,2018,820.8,"Wilson County, TN",0.001,TBD,47189,2018,,hypertension_death_black_non_hispanic
11244,77,2019,684.8,"Wilson County, TN",0.001,TBD,47189,2019,,hypertension_death_black_non_hispanic
11838,129,2020,1089.7,"Wilson County, TN",0.002,TBD,47189,2020,,hypertension_death_black_non_hispanic
136442,1098,2017,804.7,"Wilson County, TN",0.002,TBD,47189,2017,,hypertension_death_all_non_hispanic
140625,1167,2018,829.9,"Wilson County, TN",0.002,TBD,47189,2018,,hypertension_death_all_non_hispanic
117737,1011,2017,858.7,"Wilson County, TN",0.002,TBD,47189,2017,,hypertension_death_white_non_hispanic
3494,31,2017,887.2,"Anderson County, TN",0.0,TBD,47001,2017,,hypertension_death_black_non_hispanic
3479,28,2018,804.8,"Anderson County, TN",0.0,TBD,47001,2018,,hypertension_death_black_non_hispanic
3550,34,2019,957.7,"Anderson County, TN",0.0,TBD,47001,2019,,hypertension_death_black_non_hispanic
69914,1049,2020,1500.4,"Anderson County, TN",0.003,TBD,47001,2020,,hypertension_death_white_non_hispanic
3534,43,2020,1216.8,"Anderson County, TN",0.001,TBD,47001,2020,,hypertension_death_black_non_hispanic
76257,1071,2017,1404.5,"Anderson County, TN",0.002,TBD,47001,2017,,hypertension_death_all_non_hispanic
76482,1043,2018,1363.7,"Anderson County, TN",0.002,TBD,47001,2018,,hypertension_death_all_non_hispanic
76978,1040,2019,1351.0,"Anderson County, TN",0.002,TBD,47001,2019,,hypertension_death_all_non_hispanic
77558,1112,2020,1433.8,"Anderson County, TN",0.002,TBD,47001,2020,,hypertension_death_all_non_hispanic
69012,1034,2017,1498.3,"Anderson County, TN",0.002,TBD,47001,2017,,hypertension_death_white_non_hispanic
69090,1009,2018,1460.4,"Anderson County, TN",0.002,TBD,47001,2018,,hypertension_death_white_non_hispanic
69406,998,2019,1437.9,"Anderson County, TN",0.002,TBD,47001,2019,,hypertension_death_white_non_hispanic
3958,44,2017,1111.7,"Bedford County, TN",0.001,TBD,47003,2017,,hypertension_death_black_non_hispanic
4120,49,2018,1189.3,"Bedford County, TN",0.001,TBD,47003,2018,,hypertension_death_black_non_hispanic
4179,40,2019,957.2,"Bedford County, TN",0.001,TBD,47003,2019,,hypertension_death_black_non_hispanic
4169,50,2020,1199.3,"Bedford County, TN",0.001,TBD,47003,2020,,hypertension_death_black_non_hispanic
48117,506,2017,1051.6,"Bedford County, TN",0.001,TBD,47003,2017,,hypertension_death_all_non_hispanic
49038,522,2018,1064.5,"Bedford County, TN",0.001,TBD,47003,2018,,hypertension_death_all_non_hispanic
49713,510,2019,1025.9,"Bedford County, TN",0.001,TBD,47003,2019,,hypertension_death_all_non_hispanic
50179,607,2020,1209.7,"Bedford County, TN",0.001,TBD,47003,2020,,hypertension_death_all_non_hispanic
37694,450,2017,1193.8,"Bedford County, TN",0.001,TBD,47003,2017,,hypertension_death_white_non_hispanic
38100,455,2018,1194.2,"Bedford County, TN",0.001,TBD,47003,2018,,hypertension_death_white_non_hispanic
38390,462,2019,1203.4,"Bedford County, TN",0.001,TBD,47003,2019,,hypertension_death_white_non_hispanic
38669,531,2020,1373.2,"Bedford County, TN",0.001,TBD,47003,2020,,hypertension_death_white_non_hispanic
15986,271,2017,1695.2,"Benton County, TN",0.001,TBD,47005,2017,,hypertension_death_all_non_hispanic
16184,274,2018,1693.0,"Benton County, TN",0.001,TBD,47005,2018,,hypertension_death_all_non_hispanic
16160,256,2019,1584.2,"Benton County, TN",0.001,TBD,47005,2019,,hypertension_death_all_non_hispanic
16131,313,2020,1940.4,"Benton County, TN",0.001,TBD,47005,2020,,hypertension_death_all_non_hispanic
15001,265,2017,1766.5,"Benton County, TN",0.001,TBD,47005,2017,,hypertension_death_white_non_hispanic
15121,270,2018,1785.6,"Benton County, TN",0.001,TBD,47005,2018,,hypertension_death_white_non_hispanic
15057,249,2019,1653.7,"Benton County, TN",0.001,TBD,47005,2019,,hypertension_death_white_non_hispanic
15040,302,2020,2008.0,"Benton County, TN",0.001,TBD,47005,2020,,hypertension_death_white_non_hispanic
14717,154,2017,1046.4,"Bledsoe County, TN",0.0,TBD,47007,2017,,hypertension_death_all_non_hispanic
14755,154,2018,1043.7,"Bledsoe County, TN",0.0,TBD,47007,2018,,hypertension_death_all_non_hispanic
15064,157,2019,1042.2,"Bledsoe County, TN",0.0,TBD,47007,2019,,hypertension_death_all_non_hispanic
15223,175,2020,1149.6,"Bledsoe County, TN",0.0,TBD,47007,2020,,hypertension_death_all_non_hispanic
13182,150,2017,1137.9,"Bledsoe County, TN",0.0,TBD,47007,2017,,hypertension_death_white_non_hispanic
13161,148,2018,1124.5,"Bledsoe County, TN",0.0,TBD,47007,2018,,hypertension_death_white_non_hispanic
13280,156,2019,1174.7,"Bledsoe County, TN",0.0,TBD,47007,2019,,hypertension_death_white_non_hispanic
13430,172,2020,1280.7,"Bledsoe County, TN",0.0,TBD,47007,2020,,hypertension_death_white_non_hispanic
4268,29,2017,679.5,"Blount County, TN",0.0,TBD,47009,2017,,hypertension_death_black_non_hispanic
129929,1427,2017,1098.3,"Blount County, TN",0.003,TBD,47009,2017,,hypertension_death_all_non_hispanic
131349,1530,2018,1164.8,"Blount County, TN",0.003,TBD,47009,2018,,hypertension_death_all_non_hispanic
133088,1544,2019,1160.1,"Blount County, TN",0.003,TBD,47009,2019,,hypertension_death_all_non_hispanic
134751,1692,2020,1255.6,"Blount County, TN",0.003,TBD,47009,2020,,hypertension_death_all_non_hispanic
119665,1381,2017,1154.1,"Blount County, TN",0.003,TBD,47009,2017,,hypertension_death_white_non_hispanic
4329,36,2018,831.6,"Blount County, TN",0.001,TBD,47009,2018,,hypertension_death_black_non_hispanic
4365,39,2019,893.5,"Blount County, TN",0.001,TBD,47009,2019,,hypertension_death_black_non_hispanic
4399,37,2020,841.1,"Blount County, TN",0.001,TBD,47009,2020,,hypertension_death_black_non_hispanic
120707,1482,2018,1227.8,"Blount County, TN",0.004,TBD,47009,2018,,hypertension_death_white_non_hispanic
122004,1492,2019,1222.9,"Blount County, TN",0.004,TBD,47009,2019,,hypertension_death_white_non_hispanic
123373,1638,2020,1327.7,"Blount County, TN",0.004,TBD,47009,2020,,hypertension_death_white_non_hispanic
109071,1396,2020,1279.9,"Bradley County, TN",0.003,TBD,47011,2020,,hypertension_death_all_non_hispanic
91712,1048,2017,1142.7,"Bradley County, TN",0.003,TBD,47011,2017,,hypertension_death_white_non_hispanic
92534,1127,2018,1217.9,"Bradley County, TN",0.003,TBD,47011,2018,,hypertension_death_white_non_hispanic
93252,1094,2019,1173.2,"Bradley County, TN",0.003,TBD,47011,2019,,hypertension_death_white_non_hispanic
93940,1322,2020,1407.3,"Bradley County, TN",0.003,TBD,47011,2020,,hypertension_death_white_non_hispanic
5578,42,2017,753.0,"Bradley County, TN",0.001,TBD,47011,2017,,hypertension_death_black_non_hispanic
5763,35,2018,607.3,"Bradley County, TN",0.001,TBD,47011,2018,,hypertension_death_black_non_hispanic
5881,46,2019,782.2,"Bradley County, TN",0.001,TBD,47011,2019,,hypertension_death_black_non_hispanic
5917,49,2020,828.1,"Bradley County, TN",0.001,TBD,47011,2020,,hypertension_death_black_non_hispanic
105560,1108,2017,1049.6,"Bradley County, TN",0.002,TBD,47011,2017,,hypertension_death_all_non_hispanic
106727,1183,2018,1108.4,"Bradley County, TN",0.002,TBD,47011,2018,,hypertension_death_all_non_hispanic
108110,1163,2019,1075.8,"Bradley County, TN",0.002,TBD,47011,2019,,hypertension_death_all_non_hispanic
39648,626,2017,1578.9,"Campbell County, TN",0.001,TBD,47013,2017,,hypertension_death_all_non_hispanic
39583,608,2018,1536.0,"Campbell County, TN",0.001,TBD,47013,2018,,hypertension_death_all_non_hispanic
39842,608,2019,1526.0,"Campbell County, TN",0.001,TBD,47013,2019,,hypertension_death_all_non_hispanic
39837,663,2020,1664.3,"Campbell County, TN",0.001,TBD,47013,2020,,hypertension_death_all_non_hispanic
38586,618,2017,1601.6,"Campbell County, TN",0.001,TBD,47013,2017,,hypertension_death_white_non_hispanic
38480,603,2018,1567.0,"Campbell County, TN",0.001,TBD,47013,2018,,hypertension_death_white_non_hispanic
38636,602,2019,1558.1,"Campbell County, TN",0.001,TBD,47013,2019,,hypertension_death_white_non_hispanic
38622,654,2020,1693.3,"Campbell County, TN",0.002,TBD,47013,2020,,hypertension_death_white_non_hispanic
14216,188,2017,1322.5,"Cannon County, TN",0.0,TBD,47015,2017,,hypertension_death_all_non_hispanic
14462,188,2018,1300.0,"Cannon County, TN",0.0,TBD,47015,2018,,hypertension_death_all_non_hispanic
14678,166,2019,1130.9,"Cannon County, TN",0.0,TBD,47015,2019,,hypertension_death_all_non_hispanic
14847,214,2020,1441.4,"Cannon County, TN",0.0,TBD,47015,2020,,hypertension_death_all_non_hispanic
13519,185,2017,1368.4,"Cannon County, TN",0.0,TBD,47015,2017,,hypertension_death_white_non_hispanic
13709,185,2018,1349.5,"Cannon County, TN",0.0,TBD,47015,2018,,hypertension_death_white_non_hispanic
13917,163,2019,1171.2,"Cannon County, TN",0.0,TBD,47015,2019,,hypertension_death_white_non_hispanic
14053,210,2020,1494.3,"Cannon County, TN",0.001,TBD,47015,2020,,hypertension_death_white_non_hispanic
3025,24,2017,793.4,"Carroll County, TN",0.0,TBD,47017,2017,,hypertension_death_black_non_hispanic
3014,29,2018,962.2,"Carroll County, TN",0.0,TBD,47017,2018,,hypertension_death_black_non_hispanic
2984,39,2019,1307.0,"Carroll County, TN",0.001,TBD,47017,2019,,hypertension_death_black_non_hispanic
2978,57,2020,1914.0,"Carroll County, TN",0.001,TBD,47017,2020,,hypertension_death_black_non_hispanic
27860,438,2017,1572.1,"Carroll County, TN",0.001,TBD,47017,2017,,hypertension_death_all_non_hispanic
28020,430,2018,1534.6,"Carroll County, TN",0.001,TBD,47017,2018,,hypertension_death_all_non_hispanic
27767,403,2019,1451.4,"Carroll County, TN",0.001,TBD,47017,2019,,hypertension_death_all_non_hispanic
27779,527,2020,1897.1,"Carroll County, TN",0.001,TBD,47017,2020,,hypertension_death_all_non_hispanic
23862,409,2017,1714.0,"Carroll County, TN",0.001,TBD,47017,2017,,hypertension_death_white_non_hispanic
23972,398,2018,1660.3,"Carroll County, TN",0.001,TBD,47017,2018,,hypertension_death_white_non_hispanic
23704,361,2019,1522.9,"Carroll County, TN",0.001,TBD,47017,2019,,hypertension_death_white_non_hispanic
23669,467,2020,1973.0,"Carroll County, TN",0.001,TBD,47017,2020,,hypertension_death_white_non_hispanic
56488,725,2017,1283.5,"Carter County, TN",0.001,TBD,47019,2017,,hypertension_death_all_non_hispanic
56351,791,2018,1403.7,"Carter County, TN",0.002,TBD,47019,2018,,hypertension_death_all_non_hispanic
56391,820,2019,1454.1,"Carter County, TN",0.002,TBD,47019,2019,,hypertension_death_all_non_hispanic
56418,925,2020,1639.5,"Carter County, TN",0.002,TBD,47019,2020,,hypertension_death_all_non_hispanic
53989,717,2017,1328.0,"Carter County, TN",0.002,TBD,47019,2017,,hypertension_death_white_non_hispanic
53832,780,2018,1449.0,"Carter County, TN",0.002,TBD,47019,2018,,hypertension_death_white_non_hispanic
53735,811,2019,1509.3,"Carter County, TN",0.002,TBD,47019,2019,,hypertension_death_white_non_hispanic
53723,914,2020,1701.3,"Carter County, TN",0.002,TBD,47019,2020,,hypertension_death_white_non_hispanic
950,10,2019,,"Cheatham County, TN",0.0,TBD,47021,2019,,hypertension_death_black_non_hispanic
1104,14,2020,,"Cheatham County, TN",0.0,TBD,47021,2020,,hypertension_death_black_non_hispanic
40330,433,2017,1073.6,"Cheatham County, TN",0.001,TBD,47021,2017,,hypertension_death_all_non_hispanic
40439,431,2018,1065.8,"Cheatham County, TN",0.001,TBD,47021,2018,,hypertension_death_all_non_hispanic
40667,457,2019,1123.8,"Cheatham County, TN",0.001,TBD,47021,2019,,hypertension_death_all_non_hispanic
41101,486,2020,1182.5,"Cheatham County, TN",0.001,TBD,47021,2020,,hypertension_death_all_non_hispanic
37899,427,2017,1126.7,"Cheatham County, TN",0.001,TBD,47021,2017,,hypertension_death_white_non_hispanic
37834,416,2018,1099.5,"Cheatham County, TN",0.001,TBD,47021,2018,,hypertension_death_white_non_hispanic
37934,445,2019,1173.1,"Cheatham County, TN",0.001,TBD,47021,2019,,hypertension_death_white_non_hispanic
38012,468,2020,1231.2,"Cheatham County, TN",0.001,TBD,47021,2020,,hypertension_death_white_non_hispanic
1655,12,2017,,"Chester County, TN",0.0,TBD,47023,2017,,hypertension_death_black_non_hispanic
1735,11,2018,,"Chester County, TN",0.0,TBD,47023,2018,,hypertension_death_black_non_hispanic
1724,17,2019,,"Chester County, TN",0.0,TBD,47023,2019,,hypertension_death_black_non_hispanic
1735,18,2020,,"Chester County, TN",0.0,TBD,47023,2020,,hypertension_death_black_non_hispanic
17119,181,2017,1057.3,"Chester County, TN",0.0,TBD,47023,2017,,hypertension_death_all_non_hispanic
17276,195,2018,1128.7,"Chester County, TN",0.0,TBD,47023,2018,,hypertension_death_all_non_hispanic
17297,211,2019,1219.9,"Chester County, TN",0.0,TBD,47023,2019,,hypertension_death_all_non_hispanic
17432,224,2020,1285.0,"Chester County, TN",0.0,TBD,47023,2020,,hypertension_death_all_non_hispanic
14841,169,2017,1138.7,"Chester County, TN",0.0,TBD,47023,2017,,hypertension_death_white_non_hispanic
14856,182,2018,1225.1,"Chester County, TN",0.0,TBD,47023,2018,,hypertension_death_white_non_hispanic
14877,192,2019,1290.6,"Chester County, TN",0.0,TBD,47023,2019,,hypertension_death_white_non_hispanic
14974,202,2020,1349.0,"Chester County, TN",0.0,TBD,47023,2020,,hypertension_death_white_non_hispanic
31609,430,2017,1360.4,"Claiborne County, TN",0.001,TBD,47025,2017,,hypertension_death_all_non_hispanic
31756,427,2018,1344.6,"Claiborne County, TN",0.001,TBD,47025,2018,,hypertension_death_all_non_hispanic
31959,421,2019,1317.3,"Claiborne County, TN",0.001,TBD,47025,2019,,hypertension_death_all_non_hispanic
32023,492,2020,1536.4,"Claiborne County, TN",0.001,TBD,47025,2020,,hypertension_death_all_non_hispanic
30389,424,2017,1395.2,"Claiborne County, TN",0.001,TBD,47025,2017,,hypertension_death_white_non_hispanic
30556,423,2018,1384.3,"Claiborne County, TN",0.001,TBD,47025,2018,,hypertension_death_white_non_hispanic
30631,418,2019,1364.6,"Claiborne County, TN",0.001,TBD,47025,2019,,hypertension_death_white_non_hispanic
30682,484,2020,1577.5,"Claiborne County, TN",0.001,TBD,47025,2020,,hypertension_death_white_non_hispanic
7703,120,2017,1557.8,"Clay County, TN",0.0,TBD,47027,2017,,hypertension_death_all_non_hispanic
7717,107,2018,1386.5,"Clay County, TN",0.0,TBD,47027,2018,,hypertension_death_all_non_hispanic
7615,110,2019,1444.5,"Clay County, TN",0.0,TBD,47027,2019,,hypertension_death_all_non_hispanic
7629,168,2020,2202.1,"Clay County, TN",0.0,TBD,47027,2020,,hypertension_death_all_non_hispanic
7342,119,2017,1620.8,"Clay County, TN",0.0,TBD,47027,2017,,hypertension_death_white_non_hispanic
7318,107,2018,1462.1,"Clay County, TN",0.0,TBD,47027,2018,,hypertension_death_white_non_hispanic
7234,109,2019,1506.8,"Clay County, TN",0.0,TBD,47027,2019,,hypertension_death_white_non_hispanic
7263,166,2020,2285.6,"Clay County, TN",0.0,TBD,47027,2020,,hypertension_death_white_non_hispanic
901,15,2020,,"Cocke County, TN",0.0,TBD,47029,2020,,hypertension_death_black_non_hispanic
35556,551,2017,1549.7,"Cocke County, TN",0.001,TBD,47029,2017,,hypertension_death_all_non_hispanic
35774,535,2018,1495.5,"Cocke County, TN",0.001,TBD,47029,2018,,hypertension_death_all_non_hispanic
36004,569,2019,1580.4,"Cocke County, TN",0.001,TBD,47029,2019,,hypertension_death_all_non_hispanic
36225,662,2020,1827.5,"Cocke County, TN",0.001,TBD,47029,2020,,hypertension_death_all_non_hispanic
33478,536,2017,1601.1,"Cocke County, TN",0.001,TBD,47029,2017,,hypertension_death_white_non_hispanic
33635,524,2018,1557.9,"Cocke County, TN",0.001,TBD,47029,2018,,hypertension_death_white_non_hispanic
33810,561,2019,1659.3,"Cocke County, TN",0.001,TBD,47029,2019,,hypertension_death_white_non_hispanic
33975,640,2020,1883.7,"Cocke County, TN",0.002,TBD,47029,2020,,hypertension_death_white_non_hispanic
2364,21,2017,888.3,"Coffee County, TN",0.0,TBD,47031,2017,,hypertension_death_black_non_hispanic
2437,19,2018,,"Coffee County, TN",0.0,TBD,47031,2018,,hypertension_death_black_non_hispanic
2531,17,2019,,"Coffee County, TN",0.0,TBD,47031,2019,,hypertension_death_black_non_hispanic
2671,31,2020,1160.6,"Coffee County, TN",0.0,TBD,47031,2020,,hypertension_death_black_non_hispanic
55034,722,2017,1311.9,"Coffee County, TN",0.001,TBD,47031,2017,,hypertension_death_all_non_hispanic
55700,715,2018,1283.7,"Coffee County, TN",0.001,TBD,47031,2018,,hypertension_death_all_non_hispanic
56520,659,2019,1166.0,"Coffee County, TN",0.001,TBD,47031,2019,,hypertension_death_all_non_hispanic
57632,813,2020,1410.7,"Coffee County, TN",0.002,TBD,47031,2020,,hypertension_death_all_non_hispanic
49537,696,2017,1405.0,"Coffee County, TN",0.002,TBD,47031,2017,,hypertension_death_white_non_hispanic
49975,689,2018,1378.7,"Coffee County, TN",0.002,TBD,47031,2018,,hypertension_death_white_non_hispanic
50434,631,2019,1251.1,"Coffee County, TN",0.002,TBD,47031,2019,,hypertension_death_white_non_hispanic
51128,770,2020,1506.0,"Coffee County, TN",0.002,TBD,47031,2020,,hypertension_death_white_non_hispanic
2064,25,2018,1211.2,"Crockett County, TN",0.0,TBD,47033,2018,,hypertension_death_black_non_hispanic
2020,22,2019,1089.1,"Crockett County, TN",0.0,TBD,47033,2019,,hypertension_death_black_non_hispanic
14473,216,2017,1492.4,"Crockett County, TN",0.0,TBD,47033,2017,,hypertension_death_all_non_hispanic
14328,204,2018,1423.8,"Crockett County, TN",0.0,TBD,47033,2018,,hypertension_death_all_non_hispanic
14230,189,2019,1328.2,"Crockett County, TN",0.0,TBD,47033,2019,,hypertension_death_all_non_hispanic
14180,241,2020,1699.6,"Crockett County, TN",0.0,TBD,47033,2020,,hypertension_death_all_non_hispanic
10821,180,2017,1663.4,"Crockett County, TN",0.0,TBD,47033,2017,,hypertension_death_white_non_hispanic
10629,178,2018,1674.7,"Crockett County, TN",0.0,TBD,47033,2018,,hypertension_death_white_non_hispanic
10577,165,2019,1560.0,"Crockett County, TN",0.0,TBD,47033,2019,,hypertension_death_white_non_hispanic
10465,190,2020,1815.6,"Crockett County, TN",0.0,TBD,47033,2020,,hypertension_death_white_non_hispanic
2067,35,2017,1693.3,"Crockett County, TN",0.001,TBD,47033,2017,,hypertension_death_black_non_hispanic
2054,43,2020,2093.5,"Crockett County, TN",0.001,TBD,47033,2020,,hypertension_death_black_non_hispanic
59078,873,2017,1477.7,"Cumberland County, TN",0.002,TBD,47035,2017,,hypertension_death_all_non_hispanic
59673,863,2018,1446.2,"Cumberland County, TN",0.002,TBD,47035,2018,,hypertension_death_all_non_hispanic
60520,879,2019,1452.4,"Cumberland County, TN",0.002,TBD,47035,2019,,hypertension_death_all_non_hispanic
61603,1030,2020,1672.0,"Cumberland County, TN",0.002,TBD,47035,2020,,hypertension_death_all_non_hispanic
56262,864,2017,1535.7,"Cumberland County, TN",0.002,TBD,47035,2017,,hypertension_death_white_non_hispanic
56763,852,2018,1501.0,"Cumberland County, TN",0.002,TBD,47035,2018,,hypertension_death_white_non_hispanic
57520,871,2019,1514.3,"Cumberland County, TN",0.002,TBD,47035,2019,,hypertension_death_white_non_hispanic
58499,1011,2020,1728.2,"Cumberland County, TN",0.002,TBD,47035,2020,,hypertension_death_white_non_hispanic
194032,1476,2017,760.7,"Davidson County, TN",0.021,TBD,47037,2017,,hypertension_death_black_non_hispanic
193104,1466,2018,759.2,"Davidson County, TN",0.021,TBD,47037,2018,,hypertension_death_black_non_hispanic
191993,1551,2019,807.8,"Davidson County, TN",0.022000000000000002,TBD,47037,2019,,hypertension_death_black_non_hispanic
190836,1933,2020,1012.9,"Davidson County, TN",0.027999999999999997,TBD,47037,2020,,hypertension_death_black_non_hispanic
691243,5499,2017,795.5,"Davidson County, TN",0.011000000000000001,TBD,47037,2017,,hypertension_death_all_non_hispanic
692587,5526,2018,797.9,"Davidson County, TN",0.011000000000000001,TBD,47037,2018,,hypertension_death_all_non_hispanic
694144,5516,2019,794.6,"Davidson County, TN",0.011000000000000001,TBD,47037,2019,,hypertension_death_all_non_hispanic
694176,6522,2020,939.5,"Davidson County, TN",0.013000000000000001,TBD,47037,2020,,hypertension_death_all_non_hispanic
396197,3826,2017,965.7,"Davidson County, TN",0.0090000000000000011,TBD,47037,2017,,hypertension_death_white_non_hispanic
396552,3858,2018,972.9,"Davidson County, TN",0.0090000000000000011,TBD,47037,2018,,hypertension_death_white_non_hispanic
398770,3732,2019,935.9,"Davidson County, TN",0.0090000000000000011,TBD,47037,2019,,hypertension_death_white_non_hispanic
400394,4240,2020,1059.0,"Davidson County, TN",0.01,TBD,47037,2020,,hypertension_death_white_non_hispanic
399,10,2017,,"Decatur County, TN",0.0,TBD,47039,2017,,hypertension_death_black_non_hispanic
11751,183,2017,1557.3,"Decatur County, TN",0.0,TBD,47039,2017,,hypertension_death_all_non_hispanic
11706,167,2018,1426.6,"Decatur County, TN",0.0,TBD,47039,2018,,hypertension_death_all_non_hispanic
11663,177,2019,1517.6,"Decatur County, TN",0.0,TBD,47039,2019,,hypertension_death_all_non_hispanic
11601,242,2020,2086.0,"Decatur County, TN",0.0,TBD,47039,2020,,hypertension_death_all_non_hispanic
10866,172,2017,1582.9,"Decatur County, TN",0.0,TBD,47039,2017,,hypertension_death_white_non_hispanic
10848,160,2018,1474.9,"Decatur County, TN",0.0,TBD,47039,2018,,hypertension_death_white_non_hispanic
10754,174,2019,1618.0,"Decatur County, TN",0.0,TBD,47039,2019,,hypertension_death_white_non_hispanic
10713,232,2020,2165.6,"Decatur County, TN",0.001,TBD,47039,2020,,hypertension_death_white_non_hispanic
20138,231,2018,1147.1,"DeKalb County, TN",0.0,TBD,47041,2018,,hypertension_death_all_non_hispanic
19852,258,2017,1299.6,"DeKalb County, TN",0.001,TBD,47041,2017,,hypertension_death_all_non_hispanic
20490,283,2019,1381.2,"DeKalb County, TN",0.001,TBD,47041,2019,,hypertension_death_all_non_hispanic
20837,316,2020,1516.5,"DeKalb County, TN",0.001,TBD,47041,2020,,hypertension_death_all_non_hispanic
17645,252,2017,1428.2,"DeKalb County, TN",0.001,TBD,47041,2017,,hypertension_death_white_non_hispanic
17772,227,2018,1277.3,"DeKalb County, TN",0.001,TBD,47041,2018,,hypertension_death_white_non_hispanic
18084,269,2019,1487.5,"DeKalb County, TN",0.001,TBD,47041,2019,,hypertension_death_white_non_hispanic
18428,311,2020,1687.6,"DeKalb County, TN",0.001,TBD,47041,2020,,hypertension_death_white_non_hispanic
2461,29,2017,1178.4,"Dickson County, TN",0.0,TBD,47043,2017,,hypertension_death_black_non_hispanic
2440,28,2018,1147.5,"Dickson County, TN",0.0,TBD,47043,2018,,hypertension_death_black_non_hispanic
2443,24,2019,982.4,"Dickson County, TN",0.0,TBD,47043,2019,,hypertension_death_black_non_hispanic
2446,28,2020,1144.7,"Dickson County, TN",0.0,TBD,47043,2020,,hypertension_death_black_non_hispanic
52853,594,2017,1123.9,"Dickson County, TN",0.001,TBD,47043,2017,,hypertension_death_all_non_hispanic
53446,600,2018,1122.6,"Dickson County, TN",0.001,TBD,47043,2018,,hypertension_death_all_non_hispanic
53948,605,2019,1121.5,"Dickson County, TN",0.001,TBD,47043,2019,,hypertension_death_all_non_hispanic
54376,647,2020,1189.9,"Dickson County, TN",0.001,TBD,47043,2020,,hypertension_death_all_non_hispanic
47930,555,2017,1157.9,"Dickson County, TN",0.001,TBD,47043,2017,,hypertension_death_white_non_hispanic
48459,565,2018,1165.9,"Dickson County, TN",0.001,TBD,47043,2018,,hypertension_death_white_non_hispanic
48821,572,2019,1171.6,"Dickson County, TN",0.001,TBD,47043,2019,,hypertension_death_white_non_hispanic
49169,610,2020,1240.6,"Dickson County, TN",0.001,TBD,47043,2020,,hypertension_death_white_non_hispanic
5434,62,2017,1141.0,"Dyer County, TN",0.001,TBD,47045,2017,,hypertension_death_black_non_hispanic
5488,49,2018,892.9,"Dyer County, TN",0.001,TBD,47045,2018,,hypertension_death_black_non_hispanic
5537,56,2019,1011.4,"Dyer County, TN",0.001,TBD,47045,2019,,hypertension_death_black_non_hispanic
5614,70,2020,1246.9,"Dyer County, TN",0.001,TBD,47045,2020,,hypertension_death_black_non_hispanic
37463,494,2017,1318.6,"Dyer County, TN",0.001,TBD,47045,2017,,hypertension_death_all_non_hispanic
37320,489,2018,1310.3,"Dyer County, TN",0.001,TBD,47045,2018,,hypertension_death_all_non_hispanic
37159,506,2019,1361.7,"Dyer County, TN",0.001,TBD,47045,2019,,hypertension_death_all_non_hispanic
36693,619,2020,1687.0,"Dyer County, TN",0.001,TBD,47045,2020,,hypertension_death_all_non_hispanic
30292,428,2017,1412.9,"Dyer County, TN",0.001,TBD,47045,2017,,hypertension_death_white_non_hispanic
30118,436,2018,1447.6,"Dyer County, TN",0.001,TBD,47045,2018,,hypertension_death_white_non_hispanic
29913,447,2019,1494.3,"Dyer County, TN",0.001,TBD,47045,2019,,hypertension_death_white_non_hispanic
29398,547,2020,1860.7,"Dyer County, TN",0.001,TBD,47045,2020,,hypertension_death_white_non_hispanic
40036,410,2017,1024.1,"Fayette County, TN",0.001,TBD,47047,2017,,hypertension_death_all_non_hispanic
40507,425,2018,1049.2,"Fayette County, TN",0.001,TBD,47047,2018,,hypertension_death_all_non_hispanic
41133,436,2019,1060.0,"Fayette County, TN",0.001,TBD,47047,2019,,hypertension_death_all_non_hispanic
41620,536,2020,1287.8,"Fayette County, TN",0.001,TBD,47047,2020,,hypertension_death_all_non_hispanic
27439,291,2017,1060.5,"Fayette County, TN",0.001,TBD,47047,2017,,hypertension_death_white_non_hispanic
27653,291,2018,1052.3,"Fayette County, TN",0.001,TBD,47047,2018,,hypertension_death_white_non_hispanic
28076,301,2019,1072.1,"Fayette County, TN",0.001,TBD,47047,2019,,hypertension_death_white_non_hispanic
28288,389,2020,1375.1,"Fayette County, TN",0.001,TBD,47047,2020,,hypertension_death_white_non_hispanic
11080,116,2017,1046.9,"Fayette County, TN",0.002,TBD,47047,2017,,hypertension_death_black_non_hispanic
11217,131,2018,1167.9,"Fayette County, TN",0.002,TBD,47047,2018,,hypertension_death_black_non_hispanic
11336,132,2019,1164.4,"Fayette County, TN",0.002,TBD,47047,2019,,hypertension_death_black_non_hispanic
11554,145,2020,1255.0,"Fayette County, TN",0.002,TBD,47047,2020,,hypertension_death_black_non_hispanic
18136,264,2017,1455.7,"Fentress County, TN",0.001,TBD,47049,2017,,hypertension_death_all_non_hispanic
18217,266,2018,1460.2,"Fentress County, TN",0.001,TBD,47049,2018,,hypertension_death_all_non_hispanic
18523,252,2019,1360.5,"Fentress County, TN",0.001,TBD,47049,2019,,hypertension_death_all_non_hispanic
18787,324,2020,1724.6,"Fentress County, TN",0.001,TBD,47049,2020,,hypertension_death_all_non_hispanic
17622,262,2017,1486.8,"Fentress County, TN",0.001,TBD,47049,2017,,hypertension_death_white_non_hispanic
17688,261,2018,1475.6,"Fentress County, TN",0.001,TBD,47049,2018,,hypertension_death_white_non_hispanic
17977,250,2019,1390.7,"Fentress County, TN",0.001,TBD,47049,2019,,hypertension_death_white_non_hispanic
18149,320,2020,1763.2,"Fentress County, TN",0.001,TBD,47049,2020,,hypertension_death_white_non_hispanic
2311,34,2017,1471.2,"Franklin County, TN",0.0,TBD,47051,2017,,hypertension_death_black_non_hispanic
2324,27,2018,1161.8,"Franklin County, TN",0.0,TBD,47051,2018,,hypertension_death_black_non_hispanic
2390,27,2019,1129.7,"Franklin County, TN",0.0,TBD,47051,2019,,hypertension_death_black_non_hispanic
2339,31,2020,1325.4,"Franklin County, TN",0.0,TBD,47051,2020,,hypertension_death_black_non_hispanic
41652,526,2017,1262.8,"Franklin County, TN",0.001,TBD,47051,2017,,hypertension_death_all_non_hispanic
41890,488,2018,1165.0,"Franklin County, TN",0.001,TBD,47051,2018,,hypertension_death_all_non_hispanic
42208,519,2019,1229.6,"Franklin County, TN",0.001,TBD,47051,2019,,hypertension_death_all_non_hispanic
42485,631,2020,1485.2,"Franklin County, TN",0.001,TBD,47051,2020,,hypertension_death_all_non_hispanic
37329,488,2017,1307.3,"Franklin County, TN",0.001,TBD,47051,2017,,hypertension_death_white_non_hispanic
37437,454,2018,1212.7,"Franklin County, TN",0.001,TBD,47051,2018,,hypertension_death_white_non_hispanic
37654,491,2019,1304.0,"Franklin County, TN",0.001,TBD,47051,2019,,hypertension_death_white_non_hispanic
37957,593,2020,1562.3,"Franklin County, TN",0.001,TBD,47051,2020,,hypertension_death_white_non_hispanic
49111,670,2017,1364.3,"Gibson County, TN",0.001,TBD,47053,2017,,hypertension_death_all_non_hispanic
49045,673,2018,1372.2,"Gibson County, TN",0.001,TBD,47053,2018,,hypertension_death_all_non_hispanic
49133,683,2019,1390.1,"Gibson County, TN",0.001,TBD,47053,2019,,hypertension_death_all_non_hispanic
38183,561,2017,1469.2,"Gibson County, TN",0.001,TBD,47053,2017,,hypertension_death_white_non_hispanic
38285,541,2018,1413.1,"Gibson County, TN",0.001,TBD,47053,2018,,hypertension_death_white_non_hispanic
38292,569,2019,1486.0,"Gibson County, TN",0.001,TBD,47053,2019,,hypertension_death_white_non_hispanic
9294,109,2017,1172.8,"Gibson County, TN",0.002,TBD,47053,2017,,hypertension_death_black_non_hispanic
9094,125,2018,1374.5,"Gibson County, TN",0.002,TBD,47053,2018,,hypertension_death_black_non_hispanic
9151,109,2019,1191.1,"Gibson County, TN",0.002,TBD,47053,2019,,hypertension_death_black_non_hispanic
9195,148,2020,1609.6,"Gibson County, TN",0.002,TBD,47053,2020,,hypertension_death_black_non_hispanic
49159,874,2020,1777.9,"Gibson County, TN",0.002,TBD,47053,2020,,hypertension_death_all_non_hispanic
38155,720,2020,1887.0,"Gibson County, TN",0.002,TBD,47053,2020,,hypertension_death_white_non_hispanic
3294,41,2017,1244.7,"Giles County, TN",0.001,TBD,47055,2017,,hypertension_death_black_non_hispanic
3233,40,2018,1237.2,"Giles County, TN",0.001,TBD,47055,2018,,hypertension_death_black_non_hispanic
3213,51,2019,1587.3,"Giles County, TN",0.001,TBD,47055,2019,,hypertension_death_black_non_hispanic
3165,59,2020,1864.1,"Giles County, TN",0.001,TBD,47055,2020,,hypertension_death_black_non_hispanic
29401,408,2017,1387.7,"Giles County, TN",0.001,TBD,47055,2017,,hypertension_death_all_non_hispanic
29503,392,2018,1328.7,"Giles County, TN",0.001,TBD,47055,2018,,hypertension_death_all_non_hispanic
29464,433,2019,1469.6,"Giles County, TN",0.001,TBD,47055,2019,,hypertension_death_all_non_hispanic
29530,490,2020,1659.3,"Giles County, TN",0.001,TBD,47055,2020,,hypertension_death_all_non_hispanic
25155,363,2017,1443.1,"Giles County, TN",0.001,TBD,47055,2017,,hypertension_death_white_non_hispanic
25183,347,2018,1377.9,"Giles County, TN",0.001,TBD,47055,2018,,hypertension_death_white_non_hispanic
25063,379,2019,1512.2,"Giles County, TN",0.001,TBD,47055,2019,,hypertension_death_white_non_hispanic
25077,430,2020,1714.7,"Giles County, TN",0.001,TBD,47055,2020,,hypertension_death_white_non_hispanic
23144,296,2017,1278.9,"Grainger County, TN",0.001,TBD,47057,2017,,hypertension_death_all_non_hispanic
23145,318,2018,1373.9,"Grainger County, TN",0.001,TBD,47057,2018,,hypertension_death_all_non_hispanic
23320,304,2019,1303.6,"Grainger County, TN",0.001,TBD,47057,2019,,hypertension_death_all_non_hispanic
23565,385,2020,1633.8,"Grainger County, TN",0.001,TBD,47057,2020,,hypertension_death_all_non_hispanic
22033,292,2017,1325.3,"Grainger County, TN",0.001,TBD,47057,2017,,hypertension_death_white_non_hispanic
21946,316,2018,1439.9,"Grainger County, TN",0.001,TBD,47057,2018,,hypertension_death_white_non_hispanic
22115,298,2019,1347.5,"Grainger County, TN",0.001,TBD,47057,2019,,hypertension_death_white_non_hispanic
22324,382,2020,1711.2,"Grainger County, TN",0.001,TBD,47057,2020,,hypertension_death_white_non_hispanic
1657,13,2017,,"Greene County, TN",0.0,TBD,47059,2017,,hypertension_death_black_non_hispanic
1706,21,2018,1230.9,"Greene County, TN",0.0,TBD,47059,2018,,hypertension_death_black_non_hispanic
1707,18,2019,,"Greene County, TN",0.0,TBD,47059,2019,,hypertension_death_black_non_hispanic
1716,18,2020,,"Greene County, TN",0.0,TBD,47059,2020,,hypertension_death_black_non_hispanic
65038,1101,2020,1692.9,"Greene County, TN",0.003,TBD,47059,2020,,hypertension_death_white_non_hispanic
68808,992,2017,1441.7,"Greene County, TN",0.002,TBD,47059,2017,,hypertension_death_all_non_hispanic
69087,958,2018,1386.7,"Greene County, TN",0.002,TBD,47059,2018,,hypertension_death_all_non_hispanic
69069,1035,2019,1498.5,"Greene County, TN",0.002,TBD,47059,2019,,hypertension_death_all_non_hispanic
69571,1130,2020,1624.2,"Greene County, TN",0.002,TBD,47059,2020,,hypertension_death_all_non_hispanic
64577,974,2017,1508.3,"Greene County, TN",0.002,TBD,47059,2017,,hypertension_death_white_non_hispanic
64750,932,2018,1439.4,"Greene County, TN",0.002,TBD,47059,2018,,hypertension_death_white_non_hispanic
64650,1013,2019,1566.9,"Greene County, TN",0.002,TBD,47059,2019,,hypertension_death_white_non_hispanic
13361,235,2017,1758.9,"Grundy County, TN",0.0,TBD,47061,2017,,hypertension_death_all_non_hispanic
13346,197,2018,1476.1,"Grundy County, TN",0.0,TBD,47061,2018,,hypertension_death_all_non_hispanic
13427,189,2019,1407.6,"Grundy County, TN",0.0,TBD,47061,2019,,hypertension_death_all_non_hispanic
13485,240,2020,1779.8,"Grundy County, TN",0.0,TBD,47061,2020,,hypertension_death_all_non_hispanic
12917,197,2018,1525.1,"Grundy County, TN",0.0,TBD,47061,2018,,hypertension_death_white_non_hispanic
12984,187,2019,1440.2,"Grundy County, TN",0.0,TBD,47061,2019,,hypertension_death_white_non_hispanic
12940,232,2017,1792.9,"Grundy County, TN",0.001,TBD,47061,2017,,hypertension_death_white_non_hispanic
12983,238,2020,1833.2,"Grundy County, TN",0.001,TBD,47061,2020,,hypertension_death_white_non_hispanic
2827,28,2018,990.4,"Hamblen County, TN",0.0,TBD,47063,2018,,hypertension_death_black_non_hispanic
2876,21,2019,730.2,"Hamblen County, TN",0.0,TBD,47063,2019,,hypertension_death_black_non_hispanic
2812,42,2017,1493.6,"Hamblen County, TN",0.001,TBD,47063,2017,,hypertension_death_black_non_hispanic
2845,38,2020,1335.7,"Hamblen County, TN",0.001,TBD,47063,2020,,hypertension_death_black_non_hispanic
64277,788,2017,1225.9,"Hamblen County, TN",0.002,TBD,47063,2017,,hypertension_death_all_non_hispanic
64569,753,2018,1166.2,"Hamblen County, TN",0.002,TBD,47063,2018,,hypertension_death_all_non_hispanic
64934,837,2019,1289.0,"Hamblen County, TN",0.002,TBD,47063,2019,,hypertension_death_all_non_hispanic
65110,1028,2020,1578.9,"Hamblen County, TN",0.002,TBD,47063,2020,,hypertension_death_all_non_hispanic
52928,733,2017,1384.9,"Hamblen County, TN",0.002,TBD,47063,2017,,hypertension_death_white_non_hispanic
53044,709,2018,1336.6,"Hamblen County, TN",0.002,TBD,47063,2018,,hypertension_death_white_non_hispanic
53249,799,2019,1500.5,"Hamblen County, TN",0.002,TBD,47063,2019,,hypertension_death_white_non_hispanic
53366,963,2020,1804.5,"Hamblen County, TN",0.002,TBD,47063,2020,,hypertension_death_white_non_hispanic
71928,806,2020,1120.6,"Hamilton County, TN",0.012,TBD,47065,2020,,hypertension_death_black_non_hispanic
361613,3793,2017,1048.9,"Hamilton County, TN",0.008,TBD,47065,2017,,hypertension_death_all_non_hispanic
364286,3788,2018,1039.8,"Hamilton County, TN",0.008,TBD,47065,2018,,hypertension_death_all_non_hispanic
367804,3840,2019,1044.0,"Hamilton County, TN",0.008,TBD,47065,2019,,hypertension_death_all_non_hispanic
267276,3335,2020,1247.8,"Hamilton County, TN",0.008,TBD,47065,2020,,hypertension_death_white_non_hispanic
371662,4239,2020,1140.6,"Hamilton County, TN",0.0090000000000000011,TBD,47065,2020,,hypertension_death_all_non_hispanic
260521,3061,2017,1175.0,"Hamilton County, TN",0.0069999999999999993,TBD,47065,2017,,hypertension_death_white_non_hispanic
262265,3012,2018,1148.5,"Hamilton County, TN",0.0069999999999999993,TBD,47065,2018,,hypertension_death_white_non_hispanic
264275,3051,2019,1154.5,"Hamilton County, TN",0.0069999999999999993,TBD,47065,2019,,hypertension_death_white_non_hispanic
71395,679,2017,951.0,"Hamilton County, TN",0.01,TBD,47065,2017,,hypertension_death_black_non_hispanic
71517,717,2018,1002.6,"Hamilton County, TN",0.01,TBD,47065,2018,,hypertension_death_black_non_hispanic
71843,721,2019,1003.6,"Hamilton County, TN",0.01,TBD,47065,2019,,hypertension_death_black_non_hispanic
6600,112,2017,1697.0,"Hancock County, TN",0.0,TBD,47067,2017,,hypertension_death_all_non_hispanic
6549,99,2018,1511.7,"Hancock County, TN",0.0,TBD,47067,2018,,hypertension_death_all_non_hispanic
6620,94,2019,1419.9,"Hancock County, TN",0.0,TBD,47067,2019,,hypertension_death_all_non_hispanic
6493,110,2020,1694.1,"Hancock County, TN",0.0,TBD,47067,2020,,hypertension_death_all_non_hispanic
6460,112,2017,1733.7,"Hancock County, TN",0.0,TBD,47067,2017,,hypertension_death_white_non_hispanic
6407,98,2018,1529.6,"Hancock County, TN",0.0,TBD,47067,2018,,hypertension_death_white_non_hispanic
6453,94,2019,1456.7,"Hancock County, TN",0.0,TBD,47067,2019,,hypertension_death_white_non_hispanic
6340,110,2020,1735.0,"Hancock County, TN",0.0,TBD,47067,2020,,hypertension_death_white_non_hispanic
13785,204,2018,1479.9,"Hardeman County, TN",0.0,TBD,47069,2018,,hypertension_death_white_non_hispanic
13649,208,2019,1523.9,"Hardeman County, TN",0.0,TBD,47069,2019,,hypertension_death_white_non_hispanic
10756,95,2017,883.2,"Hardeman County, TN",0.001,TBD,47069,2017,,hypertension_death_black_non_hispanic
10732,90,2018,838.6,"Hardeman County, TN",0.001,TBD,47069,2018,,hypertension_death_black_non_hispanic
10673,98,2019,918.2,"Hardeman County, TN",0.001,TBD,47069,2019,,hypertension_death_black_non_hispanic
25447,322,2017,1265.4,"Hardeman County, TN",0.001,TBD,47069,2017,,hypertension_death_all_non_hispanic
25220,299,2018,1185.6,"Hardeman County, TN",0.001,TBD,47069,2018,,hypertension_death_all_non_hispanic
25050,306,2019,1221.6,"Hardeman County, TN",0.001,TBD,47069,2019,,hypertension_death_all_non_hispanic
24836,381,2020,1534.1,"Hardeman County, TN",0.001,TBD,47069,2020,,hypertension_death_all_non_hispanic
13976,223,2017,1595.6,"Hardeman County, TN",0.001,TBD,47069,2017,,hypertension_death_white_non_hispanic
13561,232,2020,1710.8,"Hardeman County, TN",0.001,TBD,47069,2020,,hypertension_death_white_non_hispanic
10500,143,2020,1361.9,"Hardeman County, TN",0.002,TBD,47069,2020,,hypertension_death_black_non_hispanic
979,11,2017,,"Hardin County, TN",0.0,TBD,47071,2017,,hypertension_death_black_non_hispanic
961,12,2018,,"Hardin County, TN",0.0,TBD,47071,2018,,hypertension_death_black_non_hispanic
958,11,2019,,"Hardin County, TN",0.0,TBD,47071,2019,,hypertension_death_black_non_hispanic
951,18,2020,,"Hardin County, TN",0.0,TBD,47071,2020,,hypertension_death_black_non_hispanic
25846,410,2017,1586.3,"Hardin County, TN",0.001,TBD,47071,2017,,hypertension_death_all_non_hispanic
25776,390,2018,1513.0,"Hardin County, TN",0.001,TBD,47071,2018,,hypertension_death_all_non_hispanic
25652,410,2019,1598.3,"Hardin County, TN",0.001,TBD,47071,2019,,hypertension_death_all_non_hispanic
25583,469,2020,1833.2,"Hardin County, TN",0.001,TBD,47071,2020,,hypertension_death_all_non_hispanic
23912,396,2017,1656.1,"Hardin County, TN",0.001,TBD,47071,2017,,hypertension_death_white_non_hispanic
23838,376,2018,1577.3,"Hardin County, TN",0.001,TBD,47071,2018,,hypertension_death_white_non_hispanic
23742,395,2019,1663.7,"Hardin County, TN",0.001,TBD,47071,2019,,hypertension_death_white_non_hispanic
23695,447,2020,1886.5,"Hardin County, TN",0.001,TBD,47071,2020,,hypertension_death_white_non_hispanic
966,10,2017,,"Hawkins County, TN",0.0,TBD,47073,2017,,hypertension_death_black_non_hispanic
963,13,2018,,"Hawkins County, TN",0.0,TBD,47073,2018,,hypertension_death_black_non_hispanic
963,10,2020,,"Hawkins County, TN",0.0,TBD,47073,2020,,hypertension_death_black_non_hispanic
56459,723,2017,1280.6,"Hawkins County, TN",0.001,TBD,47073,2017,,hypertension_death_all_non_hispanic
56530,728,2018,1287.8,"Hawkins County, TN",0.001,TBD,47073,2018,,hypertension_death_all_non_hispanic
56786,831,2019,1463.4,"Hawkins County, TN",0.002,TBD,47073,2019,,hypertension_death_all_non_hispanic
56775,902,2020,1588.7,"Hawkins County, TN",0.002,TBD,47073,2020,,hypertension_death_all_non_hispanic
54139,709,2017,1309.6,"Hawkins County, TN",0.002,TBD,47073,2017,,hypertension_death_white_non_hispanic
54195,707,2018,1304.5,"Hawkins County, TN",0.002,TBD,47073,2018,,hypertension_death_white_non_hispanic
54393,820,2019,1507.5,"Hawkins County, TN",0.002,TBD,47073,2019,,hypertension_death_white_non_hispanic
54305,887,2020,1633.4,"Hawkins County, TN",0.002,TBD,47073,2020,,hypertension_death_white_non_hispanic
17573,227,2017,1291.8,"Haywood County, TN",0.0,TBD,47075,2017,,hypertension_death_all_non_hispanic
17335,248,2018,1430.6,"Haywood County, TN",0.0,TBD,47075,2018,,hypertension_death_all_non_hispanic
17304,209,2019,1207.8,"Haywood County, TN",0.0,TBD,47075,2019,,hypertension_death_all_non_hispanic
7782,129,2017,1657.7,"Haywood County, TN",0.0,TBD,47075,2017,,hypertension_death_white_non_hispanic
7653,131,2018,1711.7,"Haywood County, TN",0.0,TBD,47075,2018,,hypertension_death_white_non_hispanic
7685,122,2019,1587.5,"Haywood County, TN",0.0,TBD,47075,2019,,hypertension_death_white_non_hispanic
7460,138,2020,1849.9,"Haywood County, TN",0.0,TBD,47075,2020,,hypertension_death_white_non_hispanic
8919,95,2017,1065.1,"Haywood County, TN",0.001,TBD,47075,2017,,hypertension_death_black_non_hispanic
8798,85,2019,966.1,"Haywood County, TN",0.001,TBD,47075,2019,,hypertension_death_black_non_hispanic
17002,266,2020,1564.5,"Haywood County, TN",0.001,TBD,47075,2020,,hypertension_death_all_non_hispanic
8827,116,2018,1314.1,"Haywood County, TN",0.002,TBD,47075,2018,,hypertension_death_black_non_hispanic
8717,126,2020,1445.5,"Haywood County, TN",0.002,TBD,47075,2020,,hypertension_death_black_non_hispanic
2337,24,2017,1027.0,"Henderson County, TN",0.0,TBD,47077,2017,,hypertension_death_black_non_hispanic
2381,26,2018,1092.0,"Henderson County, TN",0.0,TBD,47077,2018,,hypertension_death_black_non_hispanic
2380,23,2019,966.4,"Henderson County, TN",0.0,TBD,47077,2019,,hypertension_death_black_non_hispanic
2422,28,2020,1156.1,"Henderson County, TN",0.0,TBD,47077,2020,,hypertension_death_black_non_hispanic
27751,351,2017,1264.8,"Henderson County, TN",0.001,TBD,47077,2017,,hypertension_death_all_non_hispanic
27847,327,2018,1174.3,"Henderson County, TN",0.001,TBD,47077,2018,,hypertension_death_all_non_hispanic
28117,364,2019,1294.6,"Henderson County, TN",0.001,TBD,47077,2019,,hypertension_death_all_non_hispanic
28076,435,2020,1549.4,"Henderson County, TN",0.001,TBD,47077,2020,,hypertension_death_all_non_hispanic
24638,325,2017,1319.1,"Henderson County, TN",0.001,TBD,47077,2017,,hypertension_death_white_non_hispanic
24669,300,2018,1216.1,"Henderson County, TN",0.001,TBD,47077,2018,,hypertension_death_white_non_hispanic
24857,338,2019,1359.8,"Henderson County, TN",0.001,TBD,47077,2019,,hypertension_death_white_non_hispanic
24699,403,2020,1631.6,"Henderson County, TN",0.001,TBD,47077,2020,,hypertension_death_white_non_hispanic
2628,31,2018,1179.6,"Henry County, TN",0.0,TBD,47079,2018,,hypertension_death_black_non_hispanic
2622,25,2019,953.5,"Henry County, TN",0.0,TBD,47079,2019,,hypertension_death_black_non_hispanic
2679,37,2017,1381.1,"Henry County, TN",0.001,TBD,47079,2017,,hypertension_death_black_non_hispanic
2575,43,2020,1669.9,"Henry County, TN",0.001,TBD,47079,2020,,hypertension_death_black_non_hispanic
32450,460,2017,1417.6,"Henry County, TN",0.001,TBD,47079,2017,,hypertension_death_all_non_hispanic
32358,492,2018,1520.5,"Henry County, TN",0.001,TBD,47079,2018,,hypertension_death_all_non_hispanic
32345,493,2019,1524.2,"Henry County, TN",0.001,TBD,47079,2019,,hypertension_death_all_non_hispanic
32056,571,2020,1781.3,"Henry County, TN",0.001,TBD,47079,2020,,hypertension_death_all_non_hispanic
28634,421,2017,1470.3,"Henry County, TN",0.001,TBD,47079,2017,,hypertension_death_white_non_hispanic
28535,458,2018,1605.0,"Henry County, TN",0.001,TBD,47079,2018,,hypertension_death_white_non_hispanic
28468,466,2019,1636.9,"Henry County, TN",0.001,TBD,47079,2019,,hypertension_death_white_non_hispanic
28244,523,2020,1851.7,"Henry County, TN",0.001,TBD,47079,2020,,hypertension_death_white_non_hispanic
24864,296,2017,1190.5,"Hickman County, TN",0.001,TBD,47081,2017,,hypertension_death_all_non_hispanic
25063,312,2018,1244.9,"Hickman County, TN",0.001,TBD,47081,2018,,hypertension_death_all_non_hispanic
25178,294,2019,1167.7,"Hickman County, TN",0.001,TBD,47081,2019,,hypertension_death_all_non_hispanic
25387,388,2020,1528.3,"Hickman County, TN",0.001,TBD,47081,2020,,hypertension_death_all_non_hispanic
22688,287,2017,1265.0,"Hickman County, TN",0.001,TBD,47081,2017,,hypertension_death_white_non_hispanic
22824,307,2018,1345.1,"Hickman County, TN",0.001,TBD,47081,2018,,hypertension_death_white_non_hispanic
22914,287,2019,1252.5,"Hickman County, TN",0.001,TBD,47081,2019,,hypertension_death_white_non_hispanic
23098,377,2020,1632.2,"Hickman County, TN",0.001,TBD,47081,2020,,hypertension_death_white_non_hispanic
8213,120,2017,1461.1,"Houston County, TN",0.0,TBD,47083,2017,,hypertension_death_all_non_hispanic
8263,121,2018,1464.4,"Houston County, TN",0.0,TBD,47083,2018,,hypertension_death_all_non_hispanic
8201,122,2019,1487.6,"Houston County, TN",0.0,TBD,47083,2019,,hypertension_death_all_non_hispanic
8292,164,2020,1977.8,"Houston County, TN",0.0,TBD,47083,2020,,hypertension_death_all_non_hispanic
7651,114,2017,1490.0,"Houston County, TN",0.0,TBD,47083,2017,,hypertension_death_white_non_hispanic
7684,118,2018,1535.7,"Houston County, TN",0.0,TBD,47083,2018,,hypertension_death_white_non_hispanic
7628,120,2019,1573.2,"Houston County, TN",0.0,TBD,47083,2019,,hypertension_death_white_non_hispanic
7645,157,2020,2053.6,"Houston County, TN",0.0,TBD,47083,2020,,hypertension_death_white_non_hispanic
583,11,2017,,"Humphreys County, TN",0.0,TBD,47085,2017,,hypertension_death_black_non_hispanic
579,10,2020,,"Humphreys County, TN",0.0,TBD,47085,2020,,hypertension_death_black_non_hispanic
18582,241,2019,1297.0,"Humphreys County, TN",0.0,TBD,47085,2019,,hypertension_death_all_non_hispanic
18484,278,2017,1504.0,"Humphreys County, TN",0.001,TBD,47085,2017,,hypertension_death_all_non_hispanic
18486,281,2018,1520.1,"Humphreys County, TN",0.001,TBD,47085,2018,,hypertension_death_all_non_hispanic
18590,274,2020,1473.9,"Humphreys County, TN",0.001,TBD,47085,2020,,hypertension_death_all_non_hispanic
17249,263,2017,1524.7,"Humphreys County, TN",0.001,TBD,47085,2017,,hypertension_death_white_non_hispanic
17217,272,2018,1579.8,"Humphreys County, TN",0.001,TBD,47085,2018,,hypertension_death_white_non_hispanic
17316,231,2019,1334.0,"Humphreys County, TN",0.001,TBD,47085,2019,,hypertension_death_white_non_hispanic
17299,263,2020,1520.3,"Humphreys County, TN",0.001,TBD,47085,2020,,hypertension_death_white_non_hispanic
11677,158,2017,1353.1,"Jackson County, TN",0.0,TBD,47087,2017,,hypertension_death_all_non_hispanic
11758,170,2018,1445.8,"Jackson County, TN",0.0,TBD,47087,2018,,hypertension_death_all_non_hispanic
11786,171,2019,1450.9,"Jackson County, TN",0.0,TBD,47087,2019,,hypertension_death_all_non_hispanic
11864,204,2020,1719.5,"Jackson County, TN",0.0,TBD,47087,2020,,hypertension_death_all_non_hispanic
11235,155,2017,1379.6,"Jackson County, TN",0.0,TBD,47087,2017,,hypertension_death_white_non_hispanic
11283,167,2018,1480.1,"Jackson County, TN",0.0,TBD,47087,2018,,hypertension_death_white_non_hispanic
11309,168,2019,1485.5,"Jackson County, TN",0.0,TBD,47087,2019,,hypertension_death_white_non_hispanic
11365,203,2020,1786.2,"Jackson County, TN",0.0,TBD,47087,2020,,hypertension_death_white_non_hispanic
1248,11,2017,,"Jefferson County, TN",0.0,TBD,47089,2017,,hypertension_death_black_non_hispanic
1225,13,2018,,"Jefferson County, TN",0.0,TBD,47089,2018,,hypertension_death_black_non_hispanic
1238,14,2020,,"Jefferson County, TN",0.0,TBD,47089,2020,,hypertension_death_black_non_hispanic
53804,683,2017,1269.4,"Jefferson County, TN",0.001,TBD,47089,2017,,hypertension_death_all_non_hispanic
54012,660,2018,1222.0,"Jefferson County, TN",0.001,TBD,47089,2018,,hypertension_death_all_non_hispanic
54495,647,2019,1187.3,"Jefferson County, TN",0.001,TBD,47089,2019,,hypertension_death_all_non_hispanic
55307,759,2020,1372.3,"Jefferson County, TN",0.002,TBD,47089,2020,,hypertension_death_all_non_hispanic
50062,667,2017,1332.3,"Jefferson County, TN",0.002,TBD,47089,2017,,hypertension_death_white_non_hispanic
50158,642,2018,1280.0,"Jefferson County, TN",0.002,TBD,47089,2018,,hypertension_death_white_non_hispanic
50530,631,2019,1248.8,"Jefferson County, TN",0.002,TBD,47089,2019,,hypertension_death_white_non_hispanic
51389,742,2020,1443.9,"Jefferson County, TN",0.002,TBD,47089,2020,,hypertension_death_white_non_hispanic
17691,256,2017,1447.1,"Johnson County, TN",0.001,TBD,47091,2017,,hypertension_death_all_non_hispanic
17778,271,2018,1524.4,"Johnson County, TN",0.001,TBD,47091,2018,,hypertension_death_all_non_hispanic
17788,270,2019,1517.9,"Johnson County, TN",0.001,TBD,47091,2019,,hypertension_death_all_non_hispanic
17849,292,2020,1635.9,"Johnson County, TN",0.001,TBD,47091,2020,,hypertension_death_all_non_hispanic
16770,252,2017,1502.7,"Johnson County, TN",0.001,TBD,47091,2017,,hypertension_death_white_non_hispanic
16817,271,2018,1611.5,"Johnson County, TN",0.001,TBD,47091,2018,,hypertension_death_white_non_hispanic
16841,267,2019,1585.4,"Johnson County, TN",0.001,TBD,47091,2019,,hypertension_death_white_non_hispanic
16909,291,2020,1721.0,"Johnson County, TN",0.001,TBD,47091,2020,,hypertension_death_white_non_hispanic
42977,402,2017,935.4,"Knox County, TN",0.006,TBD,47093,2017,,hypertension_death_black_non_hispanic
43197,429,2018,993.1,"Knox County, TN",0.006,TBD,47093,2018,,hypertension_death_black_non_hispanic
44158,439,2020,994.2,"Knox County, TN",0.006,TBD,47093,2020,,hypertension_death_black_non_hispanic
475609,5380,2020,1131.2,"Knox County, TN",0.011000000000000001,TBD,47093,2020,,hypertension_death_all_non_hispanic
395131,4845,2020,1226.2,"Knox County, TN",0.012,TBD,47093,2020,,hypertension_death_white_non_hispanic
461860,4582,2017,992.1,"Knox County, TN",0.0090000000000000011,TBD,47093,2017,,hypertension_death_all_non_hispanic
43772,375,2019,856.7,"Knox County, TN",0.005,TBD,47093,2019,,hypertension_death_black_non_hispanic
465289,4776,2018,1026.5,"Knox County, TN",0.01,TBD,47093,2018,,hypertension_death_all_non_hispanic
470313,4730,2019,1005.7,"Knox County, TN",0.01,TBD,47093,2019,,hypertension_death_all_non_hispanic
386258,4117,2017,1065.9,"Knox County, TN",0.01,TBD,47093,2017,,hypertension_death_white_non_hispanic
388552,4255,2018,1095.1,"Knox County, TN",0.01,TBD,47093,2018,,hypertension_death_white_non_hispanic
391402,4279,2019,1093.2,"Knox County, TN",0.01,TBD,47093,2019,,hypertension_death_white_non_hispanic
2217,16,2017,,"Lake County, TN",0.0,TBD,47095,2017,,hypertension_death_black_non_hispanic
2180,22,2018,1009.2,"Lake County, TN",0.0,TBD,47095,2018,,hypertension_death_black_non_hispanic
2014,17,2019,,"Lake County, TN",0.0,TBD,47095,2019,,hypertension_death_black_non_hispanic
2029,13,2020,,"Lake County, TN",0.0,TBD,47095,2020,,hypertension_death_black_non_hispanic
7468,104,2017,1392.6,"Lake County, TN",0.0,TBD,47095,2017,,hypertension_death_all_non_hispanic
7411,96,2018,1295.4,"Lake County, TN",0.0,TBD,47095,2018,,hypertension_death_all_non_hispanic
7016,96,2019,1368.3,"Lake County, TN",0.0,TBD,47095,2019,,hypertension_death_all_non_hispanic
6988,115,2020,1645.7,"Lake County, TN",0.0,TBD,47095,2020,,hypertension_death_all_non_hispanic
5036,87,2017,1727.6,"Lake County, TN",0.0,TBD,47095,2017,,hypertension_death_white_non_hispanic
5005,74,2018,1478.5,"Lake County, TN",0.0,TBD,47095,2018,,hypertension_death_white_non_hispanic
4773,79,2019,1655.1,"Lake County, TN",0.0,TBD,47095,2019,,hypertension_death_white_non_hispanic
4714,102,2020,2163.8,"Lake County, TN",0.0,TBD,47095,2020,,hypertension_death_white_non_hispanic
8563,97,2017,1132.8,"Lauderdale County, TN",0.001,TBD,47097,2017,,hypertension_death_black_non_hispanic
9058,69,2018,761.8,"Lauderdale County, TN",0.001,TBD,47097,2018,,hypertension_death_black_non_hispanic
9077,68,2019,749.1,"Lauderdale County, TN",0.001,TBD,47097,2019,,hypertension_death_black_non_hispanic
25274,320,2017,1266.1,"Lauderdale County, TN",0.001,TBD,47097,2017,,hypertension_death_all_non_hispanic
25825,290,2018,1122.9,"Lauderdale County, TN",0.001,TBD,47097,2018,,hypertension_death_all_non_hispanic
25633,310,2019,1209.4,"Lauderdale County, TN",0.001,TBD,47097,2019,,hypertension_death_all_non_hispanic
25451,347,2020,1363.4,"Lauderdale County, TN",0.001,TBD,47097,2020,,hypertension_death_all_non_hispanic
15730,220,2017,1398.6,"Lauderdale County, TN",0.001,TBD,47097,2017,,hypertension_death_white_non_hispanic
15778,218,2018,1381.7,"Lauderdale County, TN",0.001,TBD,47097,2018,,hypertension_death_white_non_hispanic
15553,242,2019,1556.0,"Lauderdale County, TN",0.001,TBD,47097,2019,,hypertension_death_white_non_hispanic
15378,231,2020,1502.1,"Lauderdale County, TN",0.001,TBD,47097,2020,,hypertension_death_white_non_hispanic
9087,112,2020,1232.5,"Lauderdale County, TN",0.002,TBD,47097,2020,,hypertension_death_black_non_hispanic
932,11,2018,,"Lawrence County, TN",0.0,TBD,47099,2018,,hypertension_death_black_non_hispanic
973,19,2020,,"Lawrence County, TN",0.0,TBD,47099,2020,,hypertension_death_black_non_hispanic
43396,582,2017,1341.1,"Lawrence County, TN",0.001,TBD,47099,2017,,hypertension_death_all_non_hispanic
43734,599,2018,1369.6,"Lawrence County, TN",0.001,TBD,47099,2018,,hypertension_death_all_non_hispanic
44142,563,2019,1275.4,"Lawrence County, TN",0.001,TBD,47099,2019,,hypertension_death_all_non_hispanic
44432,716,2020,1611.5,"Lawrence County, TN",0.001,TBD,47099,2020,,hypertension_death_all_non_hispanic
41126,574,2017,1395.7,"Lawrence County, TN",0.001,TBD,47099,2017,,hypertension_death_white_non_hispanic
41362,582,2018,1407.1,"Lawrence County, TN",0.001,TBD,47099,2018,,hypertension_death_white_non_hispanic
41678,553,2019,1326.8,"Lawrence County, TN",0.001,TBD,47099,2019,,hypertension_death_white_non_hispanic
41903,690,2020,1646.7,"Lawrence County, TN",0.002,TBD,47099,2020,,hypertension_death_white_non_hispanic
12035,164,2017,1362.7,"Lewis County, TN",0.0,TBD,47101,2017,,hypertension_death_all_non_hispanic
12086,159,2018,1315.6,"Lewis County, TN",0.0,TBD,47101,2018,,hypertension_death_all_non_hispanic
12268,185,2019,1508.0,"Lewis County, TN",0.0,TBD,47101,2019,,hypertension_death_all_non_hispanic
12363,201,2020,1625.8,"Lewis County, TN",0.0,TBD,47101,2020,,hypertension_death_all_non_hispanic
11346,163,2017,1436.6,"Lewis County, TN",0.0,TBD,47101,2017,,hypertension_death_white_non_hispanic
11368,154,2018,1354.7,"Lewis County, TN",0.0,TBD,47101,2018,,hypertension_death_white_non_hispanic
11507,178,2019,1546.9,"Lewis County, TN",0.0,TBD,47101,2019,,hypertension_death_white_non_hispanic
11584,192,2020,1657.5,"Lewis County, TN",0.0,TBD,47101,2020,,hypertension_death_white_non_hispanic
2462,22,2017,893.6,"Lincoln County, TN",0.0,TBD,47103,2017,,hypertension_death_black_non_hispanic
2530,30,2019,1185.8,"Lincoln County, TN",0.0,TBD,47103,2019,,hypertension_death_black_non_hispanic
2534,27,2020,1065.5,"Lincoln County, TN",0.0,TBD,47103,2020,,hypertension_death_black_non_hispanic
2478,39,2018,1573.8,"Lincoln County, TN",0.001,TBD,47103,2018,,hypertension_death_black_non_hispanic
33751,411,2017,1217.7,"Lincoln County, TN",0.001,TBD,47103,2017,,hypertension_death_all_non_hispanic
34117,485,2018,1421.6,"Lincoln County, TN",0.001,TBD,47103,2018,,hypertension_death_all_non_hispanic
34366,441,2019,1283.2,"Lincoln County, TN",0.001,TBD,47103,2019,,hypertension_death_all_non_hispanic
34540,531,2020,1537.3,"Lincoln County, TN",0.001,TBD,47103,2020,,hypertension_death_all_non_hispanic
29733,387,2017,1301.6,"Lincoln County, TN",0.001,TBD,47103,2017,,hypertension_death_white_non_hispanic
29944,442,2018,1476.1,"Lincoln County, TN",0.001,TBD,47103,2018,,hypertension_death_white_non_hispanic
30104,408,2019,1355.3,"Lincoln County, TN",0.001,TBD,47103,2019,,hypertension_death_white_non_hispanic
30274,500,2020,1651.6,"Lincoln County, TN",0.001,TBD,47103,2020,,hypertension_death_white_non_hispanic